-- phpMyAdmin SQL Dump
-- version 5.0.3
-- https://www.phpmyadmin.net/
--
-- Servidor: 127.0.0.1
-- Tiempo de generación: 11-06-2024 a las 18:54:58
-- Versión del servidor: 10.4.14-MariaDB
-- Versión de PHP: 7.2.34

SET SQL_MODE = "NO_AUTO_VALUE_ON_ZERO";
START TRANSACTION;
SET time_zone = "+00:00";


/*!40101 SET @OLD_CHARACTER_SET_CLIENT=@@CHARACTER_SET_CLIENT */;
/*!40101 SET @OLD_CHARACTER_SET_RESULTS=@@CHARACTER_SET_RESULTS */;
/*!40101 SET @OLD_COLLATION_CONNECTION=@@COLLATION_CONNECTION */;
/*!40101 SET NAMES utf8mb4 */;

--
-- Base de datos: `bd_horarios_exam1`
--

-- --------------------------------------------------------

--
-- Estructura de tabla para la tabla `aulas`
--

CREATE TABLE `aulas` (
  `id_aula` int(11) NOT NULL,
  `nombre` varchar(30) NOT NULL
) ENGINE=InnoDB DEFAULT CHARSET=utf8mb4;

--
-- Volcado de datos para la tabla `aulas`
--

INSERT INTO `aulas` (`id_aula`, `nombre`) VALUES
(1, 'PATIO 2'),
(2, 'PATIO 3'),
(3, 'PATIO 1'),
(4, '112'),
(5, '522'),
(6, '105'),
(7, '102'),
(8, '314'),
(9, '203'),
(10, '103'),
(11, '526'),
(12, '601'),
(13, '401'),
(14, '403'),
(15, '405'),
(16, '422'),
(17, '426'),
(18, '411'),
(19, '413'),
(20, '416'),
(21, '201'),
(22, '404'),
(23, '402'),
(24, '406'),
(25, '514'),
(26, '417'),
(27, '412'),
(28, '302'),
(29, '424'),
(30, '111'),
(31, '312'),
(32, '423'),
(33, '513'),
(34, '521'),
(35, '525'),
(36, '303'),
(37, '117'),
(38, '211'),
(39, '116'),
(40, '115'),
(41, '114'),
(42, 'TIC3'),
(43, '510'),
(44, '101'),
(45, '602'),
(46, '415'),
(47, '118'),
(48, '104'),
(49, '204'),
(50, '408'),
(51, '409'),
(52, '414'),
(53, '501'),
(54, '502'),
(55, 'GIMNASIO'),
(56, '113'),
(57, '425'),
(58, '202'),
(59, '313'),
(60, '524'),
(61, '512'),
(62, 'TIC2'),
(63, '301'),
(64, 'Sin asignar o sin aula'),
(65, 'TIC1'),
(66, 'MÚSICA'),
(67, '407');

-- --------------------------------------------------------

--
-- Estructura de tabla para la tabla `grupos`
--

CREATE TABLE `grupos` (
  `id_grupo` int(11) NOT NULL,
  `nombre` varchar(40) COLLATE utf8_spanish2_ci NOT NULL
) ENGINE=InnoDB DEFAULT CHARSET=utf8 COLLATE=utf8_spanish2_ci;

--
-- Volcado de datos para la tabla `grupos`
--

INSERT INTO `grupos` (`id_grupo`, `nombre`) VALUES
(1, '1ESO A'),
(2, '1ESO B'),
(3, '1ESO C'),
(4, '1ESO D'),
(5, '1ESO E'),
(6, '1ESO F'),
(7, '1ESO G'),
(8, '1ESO H'),
(9, '2ESO A'),
(10, '2ESO B'),
(11, '2ESO C'),
(12, '2ESO D'),
(13, '2ESO E'),
(14, '2ESO F'),
(15, '2ESO G'),
(16, '3ESO A'),
(17, '3ESO C'),
(18, '3ESO B'),
(20, '3ESO D'),
(21, '3ESO E'),
(22, '3ESO F'),
(23, '3ESO G'),
(24, '4ESO A'),
(25, '4ESO B'),
(26, '4ESO C'),
(27, '4ESO D'),
(28, '4ESO E'),
(29, '4ESO F'),
(30, '1 FPB'),
(31, '2 FPB'),
(32, '1 BS A'),
(33, '1 BS B'),
(34, '1 BSH'),
(35, '1 BCT'),
(36, '1 B. ARTES'),
(37, '2 B. ARTES'),
(38, '2 BS'),
(39, '2 BSH'),
(40, '2 BCT'),
(41, '1 GA A'),
(42, '1 ITE'),
(43, '1 SMR'),
(44, '2 GA'),
(45, '2 ITE'),
(46, '2 SMR'),
(47, '1 AFI A'),
(48, '1 DWA'),
(49, '2 AFI A'),
(50, '2 DAW'),
(51, 'GUARD'),
(52, 'FDIR'),
(53, 'GEXP'),
(54, 'GJE'),
(55, '2 BPA'),
(56, '2 ESPA'),
(57, 'GBIB'),
(58, 'GCON'),
(59, '1 BPA'),
(60, 'GRECBIB'),
(61, 'GJEREC'),
(62, 'GREC-0'),
(63, '1 GA B'),
(64, '1 AFI B'),
(65, '2 AFI B'),
(66, 'GREC-1'),
(67, 'GREC-2'),
(68, 'GREC-3'),
(69, 'GREC-4'),
(70, 'GREC-5'),
(71, 'GREC-6'),
(72, 'GREC-7'),
(73, 'GREC-8'),
(74, 'GREC-9');

-- --------------------------------------------------------

--
-- Estructura de tabla para la tabla `horario_lectivo`
--

CREATE TABLE `horario_lectivo` (
  `id_horario` int(11) NOT NULL,
  `usuario` int(11) NOT NULL,
  `dia` int(1) NOT NULL,
  `hora` int(2) NOT NULL,
  `grupo` int(11) NOT NULL,
  `aula` int(11) NOT NULL
) ENGINE=InnoDB DEFAULT CHARSET=utf8mb4;

--
-- Volcado de datos para la tabla `horario_lectivo`
--

INSERT INTO `horario_lectivo` (`id_horario`, `usuario`, `dia`, `hora`, `grupo`, `aula`) VALUES
(1, 100, 3, 3, 37, 1),
(2, 100, 5, 7, 37, 2),
(3, 100, 2, 6, 38, 3),
(4, 100, 5, 3, 38, 3),
(5, 100, 3, 3, 39, 1),
(6, 100, 5, 7, 39, 2),
(7, 100, 1, 6, 40, 2),
(8, 100, 3, 7, 40, 1),
(9, 117, 2, 18, 56, 4),
(10, 117, 4, 16, 56, 4),
(11, 117, 4, 18, 56, 4),
(12, 89, 2, 11, 56, 4),
(13, 89, 4, 11, 56, 4),
(14, 89, 4, 13, 56, 4),
(15, 57, 2, 13, 56, 4),
(16, 57, 2, 16, 56, 4),
(17, 79, 3, 6, 35, 5),
(18, 79, 5, 6, 35, 5),
(19, 19, 1, 7, 31, 6),
(20, 19, 2, 5, 31, 6),
(21, 19, 2, 6, 31, 6),
(22, 19, 3, 7, 31, 6),
(23, 19, 4, 5, 31, 6),
(24, 19, 5, 3, 31, 6),
(25, 19, 5, 5, 31, 49),
(26, 115, 1, 6, 43, 7),
(27, 115, 1, 7, 43, 7),
(28, 115, 2, 6, 43, 7),
(29, 115, 2, 7, 43, 7),
(30, 115, 3, 6, 43, 7),
(31, 115, 4, 6, 43, 7),
(32, 115, 5, 5, 43, 7),
(33, 115, 5, 6, 43, 7),
(34, 37, 2, 3, 46, 8),
(35, 37, 2, 5, 46, 8),
(36, 37, 5, 6, 46, 8),
(37, 37, 5, 7, 46, 8),
(38, 41, 1, 1, 31, 6),
(39, 41, 2, 7, 31, 6),
(40, 41, 3, 6, 31, 6),
(41, 41, 4, 7, 31, 6),
(42, 41, 5, 6, 31, 6),
(43, 41, 3, 7, 30, 9),
(44, 41, 5, 7, 30, 9),
(45, 121, 1, 1, 48, 10),
(46, 121, 1, 2, 48, 10),
(47, 121, 2, 1, 48, 10),
(48, 121, 2, 2, 48, 10),
(49, 121, 4, 1, 48, 10),
(50, 121, 4, 2, 48, 10),
(51, 79, 1, 5, 40, 11),
(52, 79, 2, 1, 40, 11),
(53, 79, 4, 6, 40, 11),
(54, 79, 5, 5, 40, 11),
(55, 32, 1, 3, 35, 12),
(56, 32, 2, 5, 35, 12),
(57, 32, 3, 3, 35, 12),
(58, 32, 5, 1, 35, 12),
(59, 7, 1, 1, 1, 13),
(60, 7, 3, 1, 1, 13),
(61, 7, 4, 1, 1, 13),
(62, 24, 1, 7, 2, 14),
(63, 24, 2, 6, 2, 14),
(64, 24, 4, 7, 2, 14),
(65, 24, 2, 7, 3, 15),
(66, 24, 3, 6, 3, 15),
(67, 24, 5, 3, 3, 15),
(68, 24, 1, 5, 4, 16),
(69, 24, 3, 2, 4, 16),
(70, 24, 5, 2, 4, 16),
(71, 32, 2, 3, 5, 17),
(72, 32, 4, 2, 5, 17),
(73, 32, 5, 5, 5, 17),
(74, 32, 2, 1, 6, 18),
(75, 32, 3, 7, 6, 18),
(76, 32, 5, 6, 6, 18),
(77, 24, 2, 5, 7, 19),
(78, 24, 4, 5, 7, 19),
(79, 24, 5, 5, 7, 19),
(80, 24, 1, 2, 8, 20),
(81, 24, 3, 7, 8, 20),
(82, 24, 5, 6, 8, 20),
(83, 79, 4, 3, 16, 21),
(84, 79, 5, 7, 16, 21),
(85, 32, 4, 3, 17, 22),
(86, 32, 5, 7, 17, 22),
(87, 118, 3, 7, 18, 23),
(88, 118, 4, 3, 18, 23),
(89, 118, 2, 7, 20, 24),
(90, 118, 4, 7, 20, 24),
(91, 118, 2, 6, 21, 25),
(92, 118, 3, 6, 21, 25),
(93, 32, 2, 2, 22, 26),
(94, 32, 4, 1, 22, 26),
(95, 79, 2, 7, 23, 27),
(96, 79, 3, 7, 23, 27),
(97, 33, 4, 3, 16, 28),
(98, 33, 5, 7, 16, 28),
(99, 33, 4, 3, 17, 28),
(100, 33, 5, 7, 17, 28),
(101, 118, 2, 2, 24, 29),
(102, 118, 3, 2, 24, 29),
(103, 118, 5, 3, 24, 29),
(104, 118, 2, 2, 25, 29),
(105, 118, 3, 2, 25, 29),
(106, 118, 5, 3, 25, 29),
(107, 118, 2, 3, 26, 30),
(108, 118, 4, 6, 26, 30),
(109, 118, 5, 7, 26, 30),
(113, 69, 1, 6, 45, 31),
(114, 69, 1, 7, 45, 31),
(115, 69, 2, 7, 45, 31),
(116, 69, 4, 6, 45, 31),
(117, 69, 5, 1, 45, 31),
(118, 69, 5, 2, 45, 31),
(119, 99, 3, 5, 1, 16),
(120, 99, 5, 1, 1, 16),
(121, 99, 3, 5, 2, 16),
(122, 99, 5, 1, 2, 16),
(123, 99, 3, 5, 3, 16),
(124, 99, 5, 1, 3, 16),
(125, 99, 3, 5, 4, 16),
(126, 99, 5, 1, 4, 16),
(127, 54, 3, 1, 5, 20),
(128, 54, 5, 3, 5, 20),
(129, 54, 3, 1, 6, 20),
(130, 54, 5, 3, 6, 20),
(131, 54, 3, 1, 7, 20),
(132, 54, 5, 3, 7, 20),
(133, 54, 3, 1, 8, 20),
(134, 54, 5, 3, 8, 20),
(135, 8, 2, 2, 9, 32),
(136, 8, 4, 5, 9, 32),
(137, 8, 2, 2, 10, 32),
(138, 8, 4, 5, 10, 32),
(139, 99, 2, 2, 11, 25),
(140, 99, 4, 5, 11, 33),
(141, 99, 1, 6, 12, 34),
(142, 99, 3, 6, 12, 34),
(143, 99, 1, 6, 13, 34),
(144, 99, 3, 6, 13, 34),
(145, 99, 1, 6, 14, 34),
(146, 99, 3, 6, 14, 34),
(147, 99, 1, 6, 15, 34),
(148, 99, 3, 6, 15, 34),
(149, 30, 2, 5, 16, 21),
(150, 30, 5, 5, 16, 21),
(151, 31, 2, 5, 17, 24),
(152, 31, 5, 5, 17, 24),
(153, 30, 2, 5, 18, 21),
(154, 30, 5, 5, 18, 21),
(155, 31, 2, 5, 20, 24),
(156, 31, 5, 5, 20, 24),
(157, 99, 2, 5, 21, 25),
(158, 99, 5, 5, 21, 25),
(159, 99, 2, 5, 22, 25),
(160, 99, 5, 5, 22, 25),
(161, 99, 2, 5, 23, 25),
(162, 99, 5, 5, 23, 25),
(163, 122, 2, 7, 28, 34),
(164, 122, 3, 7, 28, 35),
(165, 122, 5, 2, 28, 35),
(166, 122, 2, 7, 29, 34),
(167, 122, 3, 7, 29, 35),
(168, 122, 5, 2, 29, 35),
(169, 118, 1, 7, 30, 36),
(170, 118, 2, 5, 30, 37),
(171, 118, 3, 3, 30, 23),
(172, 118, 4, 5, 30, 38),
(173, 118, 5, 6, 30, 30),
(174, 120, 1, 6, 31, 6),
(175, 120, 2, 3, 31, 6),
(176, 120, 3, 1, 31, 6),
(177, 120, 4, 1, 31, 6),
(178, 120, 5, 1, 31, 6),
(179, 6, 2, 7, 30, 9),
(180, 6, 4, 6, 30, 9),
(181, 6, 2, 1, 31, 6),
(182, 6, 4, 3, 31, 6),
(183, 20, 4, 6, 41, 39),
(184, 20, 4, 7, 41, 39),
(185, 20, 5, 3, 41, 40),
(186, 20, 5, 5, 41, 39),
(187, 20, 5, 6, 41, 39),
(188, 15, 1, 8, 63, 41),
(189, 15, 1, 10, 63, 41),
(190, 15, 2, 17, 63, 41),
(191, 15, 3, 10, 63, 41),
(192, 15, 5, 17, 63, 41),
(193, 109, 3, 5, 1, 42),
(194, 109, 5, 1, 1, 42),
(195, 109, 3, 5, 2, 42),
(196, 109, 5, 1, 2, 42),
(197, 55, 3, 5, 3, 43),
(198, 55, 5, 1, 3, 43),
(199, 55, 3, 5, 4, 43),
(200, 55, 5, 1, 4, 43),
(201, 121, 3, 1, 5, 42),
(202, 121, 5, 3, 5, 42),
(203, 121, 3, 1, 6, 42),
(204, 121, 5, 3, 6, 42),
(205, 109, 3, 1, 7, 43),
(206, 109, 5, 3, 7, 43),
(207, 109, 3, 1, 8, 43),
(208, 109, 5, 3, 8, 43),
(209, 113, 2, 2, 9, 43),
(210, 113, 4, 5, 9, 43),
(211, 64, 2, 2, 10, 42),
(212, 64, 4, 5, 10, 42),
(213, 64, 2, 2, 11, 42),
(214, 64, 4, 5, 11, 42),
(215, 109, 1, 6, 12, 43),
(216, 109, 3, 6, 12, 43),
(217, 109, 1, 6, 13, 43),
(218, 109, 3, 6, 13, 43),
(219, 64, 1, 6, 14, 42),
(220, 64, 3, 6, 14, 42),
(221, 64, 1, 6, 15, 42),
(222, 64, 3, 6, 15, 42),
(223, 64, 2, 5, 16, 42),
(224, 64, 5, 5, 16, 42),
(225, 121, 2, 5, 17, 43),
(226, 121, 5, 5, 17, 43),
(227, 64, 2, 5, 18, 42),
(228, 64, 5, 5, 18, 42),
(229, 121, 2, 5, 20, 43),
(230, 121, 5, 5, 20, 43),
(231, 121, 2, 5, 21, 43),
(232, 121, 5, 5, 21, 43),
(233, 121, 2, 5, 22, 43),
(234, 121, 5, 5, 22, 43),
(235, 64, 2, 5, 23, 42),
(236, 64, 5, 5, 23, 42),
(237, 111, 1, 1, 47, 40),
(238, 111, 1, 2, 47, 40),
(239, 111, 2, 1, 47, 40),
(240, 111, 3, 1, 47, 40),
(241, 111, 3, 2, 47, 40),
(242, 15, 2, 12, 64, 40),
(243, 15, 4, 12, 64, 40),
(244, 15, 4, 15, 64, 40),
(245, 15, 5, 8, 64, 40),
(246, 15, 5, 10, 64, 40),
(247, 38, 1, 1, 30, 9),
(248, 38, 1, 2, 30, 9),
(249, 38, 2, 1, 30, 9),
(250, 38, 3, 1, 30, 9),
(251, 38, 4, 2, 30, 9),
(252, 38, 5, 1, 30, 9),
(253, 38, 1, 5, 31, 6),
(254, 38, 2, 2, 31, 6),
(255, 38, 3, 2, 31, 6),
(256, 38, 4, 6, 31, 6),
(257, 38, 5, 2, 31, 6),
(258, 59, 1, 3, 49, 44),
(259, 59, 1, 5, 49, 44),
(260, 59, 2, 3, 49, 44),
(261, 59, 2, 5, 49, 44),
(262, 59, 4, 3, 49, 44),
(263, 59, 5, 6, 49, 44),
(264, 123, 1, 8, 65, 44),
(265, 123, 1, 10, 65, 44),
(266, 123, 2, 8, 65, 44),
(267, 123, 3, 8, 65, 44),
(268, 123, 4, 12, 65, 44),
(269, 123, 4, 15, 65, 44),
(270, 124, 1, 6, 32, 45),
(271, 124, 4, 7, 32, 45),
(272, 91, 3, 6, 33, 37),
(273, 91, 5, 5, 33, 37),
(274, 91, 3, 6, 34, 37),
(275, 91, 5, 5, 34, 37),
(276, 10, 1, 7, 36, 38),
(277, 10, 2, 7, 36, 38),
(278, 10, 3, 6, 36, 38),
(279, 10, 5, 1, 36, 38),
(280, 81, 1, 5, 37, 46),
(281, 81, 3, 5, 37, 46),
(282, 81, 4, 3, 37, 46),
(283, 81, 5, 3, 37, 46),
(284, 53, 3, 6, 25, 47),
(285, 53, 4, 2, 25, 47),
(286, 53, 5, 6, 25, 47),
(290, 72, 2, 6, 28, 5),
(291, 72, 3, 5, 28, 5),
(292, 72, 4, 5, 28, 5),
(293, 72, 2, 6, 29, 5),
(294, 72, 3, 5, 29, 5),
(295, 72, 4, 5, 29, 5),
(296, 91, 4, 16, 58, 30),
(297, 78, 1, 3, 50, 48),
(298, 78, 1, 5, 50, 48),
(299, 78, 2, 1, 50, 48),
(300, 78, 2, 2, 50, 48),
(301, 78, 3, 2, 50, 48),
(302, 78, 3, 3, 50, 48),
(303, 114, 1, 6, 50, 48),
(304, 114, 1, 7, 50, 48),
(305, 114, 2, 3, 50, 48),
(306, 114, 2, 5, 50, 48),
(307, 114, 3, 5, 50, 48),
(308, 114, 3, 6, 50, 48),
(309, 114, 4, 2, 50, 48),
(310, 114, 4, 3, 50, 48),
(311, 64, 3, 7, 50, 48),
(312, 64, 5, 6, 50, 48),
(313, 64, 5, 7, 50, 48),
(314, 29, 1, 1, 36, 38),
(315, 29, 1, 2, 36, 38),
(316, 108, 1, 2, 37, 49),
(317, 108, 2, 3, 37, 49),
(318, 108, 3, 2, 37, 49),
(319, 108, 4, 1, 37, 49),
(320, 81, 1, 3, 35, 50),
(321, 81, 2, 5, 35, 50),
(322, 81, 3, 3, 35, 50),
(323, 81, 5, 1, 35, 33),
(324, 10, 1, 3, 40, 51),
(325, 10, 3, 3, 40, 51),
(326, 10, 4, 5, 40, 51),
(327, 10, 5, 6, 40, 51),
(328, 108, 1, 1, 37, 46),
(329, 108, 2, 2, 37, 46),
(330, 108, 4, 2, 37, 46),
(331, 108, 5, 2, 37, 46),
(332, 37, 2, 6, 50, 48),
(333, 37, 2, 7, 50, 48),
(334, 37, 4, 6, 50, 48),
(335, 37, 4, 7, 50, 48),
(336, 37, 5, 2, 50, 48),
(337, 37, 5, 3, 50, 49),
(338, 91, 2, 13, 58, 30),
(339, 91, 2, 16, 58, 30),
(340, 119, 1, 3, 32, 45),
(341, 119, 2, 2, 32, 45),
(342, 119, 4, 6, 32, 45),
(343, 119, 5, 7, 32, 45),
(344, 119, 1, 7, 33, 37),
(345, 119, 3, 5, 33, 37),
(346, 119, 4, 1, 33, 37),
(347, 119, 5, 1, 33, 37),
(348, 119, 1, 5, 34, 36),
(349, 119, 2, 3, 34, 36),
(350, 119, 3, 3, 34, 36),
(351, 119, 4, 5, 34, 36),
(352, 91, 4, 11, 55, 47),
(353, 91, 4, 13, 55, 47),
(354, 119, 1, 2, 24, 29),
(355, 119, 2, 1, 24, 29),
(356, 119, 3, 7, 24, 29),
(357, 91, 1, 1, 25, 52),
(358, 91, 3, 5, 25, 52),
(359, 91, 5, 1, 25, 52),
(360, 124, 2, 3, 26, 19),
(361, 124, 4, 6, 26, 19),
(362, 124, 5, 7, 26, 37),
(366, 88, 3, 6, 33, 51),
(367, 88, 5, 5, 33, 51),
(368, 88, 3, 6, 34, 51),
(369, 88, 5, 5, 34, 51),
(370, 16, 1, 6, 38, 53),
(371, 16, 2, 2, 38, 53),
(372, 16, 3, 5, 38, 53),
(373, 16, 5, 6, 38, 53),
(374, 16, 1, 5, 39, 54),
(375, 16, 2, 6, 39, 54),
(376, 16, 3, 6, 39, 54),
(377, 16, 4, 5, 39, 54),
(378, 18, 2, 7, 33, 3),
(379, 18, 4, 7, 33, 3),
(380, 100, 4, 5, 36, 3),
(381, 100, 5, 5, 36, 3),
(382, 30, 3, 7, 16, 21),
(383, 31, 3, 7, 17, 22),
(384, 30, 5, 6, 18, 23),
(385, 31, 1, 7, 20, 24),
(386, 31, 2, 7, 21, 25),
(387, 30, 4, 5, 22, 26),
(388, 30, 4, 6, 23, 27),
(389, 106, 2, 5, 16, 4),
(390, 106, 5, 5, 16, 4),
(391, 106, 2, 5, 17, 4),
(392, 106, 5, 5, 17, 4),
(393, 106, 2, 5, 18, 4),
(394, 106, 5, 5, 18, 4),
(395, 106, 2, 5, 20, 4),
(396, 106, 5, 5, 20, 4),
(397, 106, 2, 5, 21, 4),
(398, 106, 5, 5, 21, 4),
(399, 106, 2, 5, 22, 4),
(400, 106, 5, 5, 22, 4),
(401, 106, 2, 5, 23, 4),
(402, 106, 5, 5, 23, 4),
(403, 99, 1, 7, 37, 46),
(404, 99, 1, 7, 39, 46),
(405, 99, 1, 7, 40, 46),
(406, 31, 2, 6, 32, 38),
(407, 31, 5, 2, 33, 36),
(408, 31, 5, 2, 34, 36),
(409, 31, 2, 3, 35, 14),
(410, 31, 2, 6, 36, 38),
(411, 18, 1, 6, 35, 3),
(412, 18, 4, 6, 35, 3),
(413, 18, 3, 5, 32, 3),
(414, 18, 5, 6, 32, 1),
(415, 18, 1, 7, 34, 3),
(416, 18, 3, 1, 34, 3),
(417, 46, 1, 5, 1, 1),
(418, 46, 2, 2, 1, 3),
(419, 46, 5, 3, 1, 55),
(420, 18, 1, 5, 2, 3),
(421, 18, 3, 2, 2, 55),
(422, 18, 4, 5, 2, 2),
(423, 5, 1, 5, 3, 55),
(424, 5, 3, 2, 3, 1),
(425, 5, 4, 3, 3, 2),
(426, 18, 2, 6, 4, 55),
(427, 18, 3, 6, 4, 2),
(428, 18, 5, 5, 4, 1),
(429, 100, 2, 7, 5, 55),
(430, 100, 4, 7, 5, 1),
(431, 100, 5, 6, 5, 2),
(432, 46, 1, 2, 6, 1),
(433, 46, 3, 5, 6, 2),
(434, 46, 4, 2, 6, 55),
(435, 100, 1, 7, 7, 55),
(436, 100, 2, 3, 7, 2),
(437, 100, 4, 6, 7, 1),
(438, 5, 2, 1, 8, 1),
(439, 5, 4, 5, 8, 55),
(440, 5, 5, 1, 8, 1),
(441, 36, 3, 5, 9, 1),
(442, 36, 5, 1, 9, 55),
(443, 36, 3, 3, 10, 3),
(444, 36, 5, 6, 10, 55),
(445, 36, 2, 3, 11, 55),
(446, 36, 5, 3, 11, 1),
(447, 36, 3, 2, 12, 2),
(448, 36, 5, 5, 12, 55),
(449, 18, 3, 7, 13, 55),
(450, 18, 5, 7, 13, 3),
(451, 36, 2, 1, 14, 55),
(452, 36, 4, 5, 14, 1),
(453, 36, 2, 5, 15, 55),
(454, 36, 4, 3, 15, 1),
(455, 46, 1, 1, 24, 55),
(456, 46, 4, 1, 24, 2),
(457, 46, 3, 3, 25, 2),
(458, 46, 4, 3, 25, 55),
(459, 46, 1, 6, 26, 55),
(460, 46, 3, 1, 26, 2),
(463, 46, 2, 1, 28, 2),
(464, 46, 4, 6, 28, 55),
(465, 100, 1, 2, 29, 55),
(466, 100, 3, 6, 29, 1),
(467, 5, 3, 3, 16, 55),
(468, 5, 5, 2, 16, 1),
(469, 36, 1, 3, 17, 3),
(470, 36, 5, 2, 17, 55),
(471, 36, 1, 1, 18, 3),
(472, 36, 3, 6, 18, 55),
(473, 5, 3, 5, 20, 55),
(474, 5, 5, 6, 20, 3),
(475, 5, 2, 2, 21, 55),
(476, 5, 4, 2, 21, 3),
(477, 5, 3, 1, 22, 55),
(478, 5, 5, 3, 22, 2),
(479, 5, 1, 1, 23, 2),
(480, 5, 4, 1, 23, 55),
(481, 108, 2, 6, 1, 13),
(482, 108, 5, 6, 1, 13),
(483, 106, 1, 2, 2, 14),
(484, 106, 5, 7, 2, 14),
(485, 108, 3, 1, 3, 15),
(486, 108, 5, 5, 3, 15),
(487, 81, 2, 2, 4, 16),
(488, 81, 4, 2, 4, 16),
(489, 106, 1, 7, 5, 17),
(490, 106, 3, 7, 5, 17),
(491, 81, 1, 6, 6, 18),
(492, 81, 4, 5, 6, 18),
(493, 81, 2, 1, 7, 19),
(494, 81, 5, 2, 7, 19),
(495, 106, 1, 5, 8, 20),
(496, 106, 4, 6, 8, 20),
(497, 10, 1, 5, 9, 33),
(498, 10, 4, 7, 9, 33),
(499, 29, 2, 1, 10, 56),
(500, 29, 5, 3, 10, 56),
(501, 10, 3, 5, 11, 32),
(502, 10, 5, 5, 11, 32),
(503, 10, 1, 1, 12, 57),
(504, 10, 4, 3, 12, 57),
(505, 29, 1, 3, 13, 35),
(506, 29, 4, 5, 13, 35),
(507, 10, 3, 7, 14, 34),
(508, 10, 5, 7, 14, 34),
(509, 29, 3, 3, 15, 4),
(510, 29, 5, 2, 15, 4),
(511, 29, 3, 6, 24, 52),
(512, 29, 4, 2, 24, 52),
(513, 29, 5, 6, 24, 52),
(514, 29, 3, 6, 25, 52),
(515, 29, 4, 2, 25, 52),
(516, 29, 5, 6, 25, 52),
(520, 108, 1, 5, 28, 5),
(521, 108, 3, 3, 28, 46),
(522, 108, 5, 1, 28, 5),
(523, 29, 2, 2, 29, 58),
(524, 29, 4, 3, 29, 58),
(525, 29, 5, 1, 29, 58),
(526, 69, 2, 5, 42, 59),
(527, 69, 2, 6, 42, 59),
(528, 69, 3, 3, 42, 59),
(529, 69, 3, 5, 42, 59),
(530, 69, 4, 7, 42, 59),
(531, 69, 5, 7, 42, 59),
(532, 48, 1, 1, 46, 8),
(533, 48, 2, 1, 46, 8),
(534, 48, 3, 6, 46, 8),
(535, 48, 5, 3, 46, 8),
(536, 48, 1, 2, 50, 48),
(537, 48, 3, 1, 50, 48),
(538, 48, 4, 1, 50, 48),
(539, 48, 5, 1, 50, 48),
(540, 4, 1, 6, 44, 41),
(541, 4, 1, 7, 44, 41),
(542, 4, 3, 6, 44, 41),
(543, 4, 3, 7, 44, 41),
(544, 4, 4, 6, 44, 41),
(545, 4, 4, 7, 44, 41),
(546, 4, 5, 6, 44, 41),
(547, 4, 5, 7, 44, 41),
(548, 59, 2, 6, 45, 31),
(549, 59, 3, 7, 45, 31),
(550, 59, 4, 7, 45, 31),
(551, 59, 5, 7, 45, 31),
(552, 19, 3, 3, 41, 39),
(553, 19, 3, 5, 41, 39),
(554, 19, 5, 7, 41, 39),
(555, 15, 2, 8, 63, 41),
(556, 15, 3, 12, 63, 41),
(557, 15, 3, 15, 63, 41),
(558, 92, 1, 3, 48, 10),
(559, 92, 3, 3, 48, 10),
(560, 92, 5, 3, 48, 10),
(561, 47, 1, 6, 42, 59),
(562, 47, 1, 7, 42, 59),
(563, 47, 3, 6, 42, 59),
(564, 47, 3, 7, 42, 59),
(565, 96, 1, 3, 1, 60),
(566, 96, 1, 3, 2, 60),
(567, 68, 1, 3, 3, 16),
(568, 68, 1, 3, 4, 16),
(569, 96, 3, 3, 5, 17),
(570, 96, 3, 3, 6, 17),
(571, 73, 3, 3, 7, 19),
(572, 73, 3, 3, 8, 19),
(573, 58, 1, 3, 1, 61),
(574, 86, 1, 3, 2, 43),
(575, 86, 1, 3, 3, 43),
(576, 58, 1, 3, 4, 61),
(577, 86, 3, 3, 5, 18),
(578, 86, 3, 3, 6, 18),
(579, 89, 3, 3, 7, 56),
(580, 89, 3, 3, 8, 56),
(581, 67, 4, 18, 58, 30),
(582, 31, 1, 5, 36, 38),
(583, 31, 4, 6, 36, 38),
(584, 31, 5, 7, 36, 38),
(585, 54, 2, 7, 35, 12),
(586, 54, 3, 7, 35, 12),
(587, 54, 5, 2, 35, 12),
(588, 54, 1, 7, 32, 45),
(589, 54, 3, 3, 32, 45),
(590, 54, 5, 1, 32, 45),
(591, 54, 1, 6, 33, 37),
(592, 54, 2, 1, 33, 37),
(593, 54, 4, 2, 33, 37),
(594, 31, 1, 6, 34, 36),
(595, 31, 3, 2, 34, 36),
(596, 31, 4, 7, 34, 36),
(597, 31, 3, 6, 24, 29),
(598, 31, 4, 2, 24, 29),
(599, 31, 5, 6, 24, 29),
(600, 99, 2, 7, 25, 52),
(601, 99, 3, 7, 25, 52),
(602, 99, 5, 2, 25, 52),
(603, 31, 3, 6, 26, 29),
(604, 31, 4, 2, 26, 29),
(605, 31, 5, 6, 26, 29),
(609, 120, 1, 5, 40, 61),
(610, 120, 2, 1, 40, 61),
(611, 120, 4, 6, 40, 61),
(612, 120, 5, 5, 40, 61),
(613, 33, 1, 7, 16, 28),
(614, 33, 4, 2, 16, 28),
(615, 33, 1, 7, 17, 28),
(616, 33, 4, 2, 17, 28),
(617, 120, 1, 7, 35, 12),
(618, 120, 2, 6, 35, 12),
(619, 120, 4, 3, 35, 12),
(620, 120, 5, 3, 35, 12),
(621, 79, 1, 1, 13, 60),
(622, 79, 3, 2, 13, 60),
(623, 79, 4, 2, 13, 60),
(624, 79, 5, 3, 13, 60),
(625, 79, 1, 1, 14, 60),
(626, 79, 3, 2, 14, 60),
(627, 79, 4, 2, 14, 60),
(628, 79, 5, 3, 14, 60),
(629, 122, 2, 3, 9, 33),
(630, 122, 3, 6, 9, 33),
(631, 122, 5, 6, 9, 33),
(632, 33, 1, 2, 10, 56),
(633, 33, 3, 7, 10, 56),
(634, 33, 5, 5, 10, 56),
(635, 122, 2, 6, 11, 32),
(636, 122, 4, 1, 11, 32),
(637, 122, 5, 7, 11, 32),
(638, 117, 1, 2, 12, 57),
(639, 117, 2, 7, 12, 57),
(640, 117, 4, 7, 12, 57),
(641, 117, 1, 1, 13, 35),
(642, 117, 3, 2, 13, 35),
(643, 117, 5, 3, 13, 35),
(644, 33, 1, 1, 14, 34),
(645, 33, 3, 2, 14, 34),
(646, 33, 5, 3, 14, 34),
(647, 117, 2, 6, 15, 4),
(648, 117, 3, 1, 15, 4),
(649, 117, 5, 1, 15, 4),
(650, 11, 1, 7, 16, 21),
(651, 11, 4, 2, 16, 21),
(652, 11, 5, 1, 16, 21),
(653, 122, 1, 7, 17, 22),
(654, 122, 4, 2, 17, 22),
(655, 122, 5, 1, 17, 22),
(656, 11, 1, 3, 18, 23),
(657, 11, 4, 1, 18, 23),
(658, 11, 5, 2, 18, 23),
(659, 122, 1, 6, 20, 24),
(660, 122, 2, 2, 20, 24),
(661, 122, 5, 3, 20, 24),
(662, 11, 1, 2, 21, 25),
(663, 11, 2, 3, 21, 25),
(664, 11, 5, 3, 21, 25),
(665, 11, 1, 1, 22, 26),
(666, 11, 3, 6, 22, 26),
(667, 11, 4, 6, 22, 26),
(668, 122, 1, 5, 23, 27),
(669, 122, 3, 2, 23, 27),
(670, 122, 4, 3, 23, 27),
(671, 11, 2, 7, 26, 30),
(672, 11, 3, 7, 26, 30),
(673, 11, 4, 7, 26, 30),
(677, 25, 2, 7, 42, 59),
(678, 25, 4, 6, 42, 59),
(679, 25, 5, 6, 42, 59),
(680, 25, 3, 7, 43, 7),
(681, 25, 4, 7, 43, 7),
(682, 25, 5, 7, 43, 7),
(683, 25, 2, 2, 41, 39),
(684, 25, 2, 3, 41, 39),
(685, 25, 4, 3, 41, 39),
(686, 17, 2, 10, 63, 41),
(687, 17, 2, 12, 63, 41),
(688, 17, 5, 12, 63, 41),
(689, 25, 1, 8, 64, 40),
(690, 25, 4, 8, 64, 40),
(691, 25, 4, 10, 64, 40),
(692, 25, 1, 5, 48, 10),
(693, 25, 3, 5, 48, 10),
(694, 25, 5, 5, 48, 10),
(695, 25, 1, 6, 47, 39),
(696, 25, 1, 7, 47, 39),
(697, 25, 2, 5, 47, 39),
(698, 73, 3, 11, 58, 30),
(699, 68, 1, 1, 33, 37),
(700, 68, 3, 3, 33, 37),
(701, 68, 4, 2, 36, 38),
(702, 68, 5, 2, 36, 38),
(703, 96, 1, 1, 35, 12),
(704, 96, 4, 2, 35, 12),
(705, 68, 2, 3, 32, 45),
(706, 68, 4, 1, 32, 45),
(707, 68, 2, 1, 34, 36),
(708, 68, 5, 6, 34, 36),
(709, 96, 3, 5, 1, 13),
(710, 96, 5, 1, 1, 13),
(711, 96, 3, 5, 2, 13),
(712, 96, 5, 1, 2, 13),
(713, 68, 3, 5, 3, 15),
(714, 68, 5, 1, 3, 15),
(715, 68, 3, 5, 4, 15),
(716, 68, 5, 1, 4, 15),
(717, 96, 3, 1, 5, 17),
(718, 96, 5, 3, 5, 17),
(719, 96, 3, 1, 6, 17),
(720, 96, 5, 3, 6, 17),
(721, 73, 3, 1, 7, 19),
(722, 73, 5, 3, 7, 19),
(723, 73, 3, 1, 8, 19),
(724, 73, 5, 3, 8, 19),
(725, 96, 2, 2, 9, 56),
(726, 96, 4, 5, 9, 56),
(727, 96, 2, 2, 10, 56),
(728, 96, 4, 5, 10, 56),
(729, 96, 2, 2, 11, 56),
(730, 96, 4, 5, 11, 56),
(731, 96, 1, 6, 12, 57),
(732, 96, 3, 6, 12, 57),
(733, 96, 1, 6, 13, 57),
(734, 96, 3, 6, 13, 57),
(735, 68, 1, 6, 14, 4),
(736, 68, 3, 6, 14, 4),
(737, 68, 1, 6, 15, 4),
(738, 68, 3, 6, 15, 4),
(739, 73, 1, 2, 37, 62),
(740, 73, 2, 3, 37, 53),
(741, 73, 3, 2, 37, 53),
(742, 73, 4, 1, 37, 53),
(743, 73, 1, 2, 38, 62),
(744, 73, 2, 3, 38, 53),
(745, 73, 3, 2, 38, 53),
(746, 73, 4, 1, 38, 53),
(747, 96, 1, 2, 39, 53),
(748, 96, 2, 3, 39, 62),
(749, 96, 3, 2, 39, 62),
(750, 96, 4, 1, 39, 33),
(751, 96, 1, 2, 40, 53),
(752, 96, 2, 3, 40, 62),
(753, 96, 3, 2, 40, 62),
(754, 96, 4, 1, 40, 33),
(755, 68, 2, 5, 16, 22),
(756, 68, 5, 5, 16, 22),
(757, 68, 2, 5, 17, 22),
(758, 68, 5, 5, 17, 22),
(759, 96, 2, 5, 18, 23),
(760, 96, 5, 5, 18, 23),
(761, 96, 2, 5, 20, 23),
(762, 96, 5, 5, 20, 23),
(763, 68, 2, 5, 21, 22),
(764, 68, 5, 5, 21, 22),
(765, 73, 2, 5, 22, 27),
(766, 73, 5, 5, 22, 27),
(767, 73, 2, 5, 23, 27),
(768, 73, 5, 5, 23, 27),
(769, 73, 2, 7, 24, 29),
(770, 73, 4, 3, 24, 62),
(771, 73, 5, 2, 24, 29),
(772, 68, 1, 2, 26, 30),
(773, 68, 3, 2, 26, 30),
(774, 68, 4, 3, 26, 30),
(775, 106, 1, 6, 37, 46),
(776, 106, 2, 7, 37, 46),
(777, 106, 3, 6, 37, 46),
(778, 106, 4, 5, 37, 46),
(779, 106, 1, 3, 36, 38),
(780, 106, 2, 3, 36, 38),
(781, 106, 4, 7, 36, 38),
(782, 106, 5, 6, 36, 38),
(783, 57, 4, 16, 55, 47),
(784, 57, 4, 18, 55, 47),
(785, 75, 1, 1, 38, 53),
(786, 75, 2, 5, 38, 53),
(787, 75, 3, 1, 38, 53),
(788, 75, 4, 2, 38, 53),
(789, 75, 1, 1, 39, 53),
(790, 75, 2, 5, 39, 53),
(791, 75, 3, 1, 39, 53),
(792, 75, 4, 2, 39, 53),
(793, 38, 1, 6, 1, 13),
(794, 38, 3, 3, 1, 13),
(795, 38, 4, 5, 1, 13),
(796, 3, 2, 7, 2, 14),
(797, 3, 3, 1, 2, 14),
(798, 3, 5, 2, 2, 14),
(799, 66, 1, 2, 3, 15),
(800, 66, 2, 6, 3, 15),
(801, 66, 4, 1, 3, 15),
(802, 94, 1, 2, 4, 16),
(803, 94, 3, 1, 4, 16),
(804, 94, 5, 7, 4, 16),
(805, 57, 1, 5, 5, 17),
(806, 57, 3, 5, 5, 17),
(807, 57, 5, 1, 5, 17),
(808, 66, 1, 5, 6, 18),
(809, 66, 4, 6, 6, 18),
(810, 66, 5, 7, 6, 18),
(811, 95, 1, 6, 7, 19),
(812, 95, 4, 7, 7, 19),
(813, 95, 5, 1, 7, 19),
(814, 95, 1, 1, 8, 20),
(815, 95, 2, 7, 8, 20),
(816, 95, 5, 7, 8, 20),
(817, 71, 2, 3, 13, 60),
(818, 71, 4, 1, 13, 60),
(819, 71, 5, 1, 13, 60),
(820, 71, 2, 3, 14, 60),
(821, 71, 4, 1, 14, 60),
(822, 71, 5, 1, 14, 60),
(823, 75, 1, 7, 9, 33),
(824, 75, 3, 2, 9, 33),
(825, 75, 5, 3, 9, 33),
(826, 21, 1, 3, 10, 56),
(827, 21, 2, 3, 10, 56),
(828, 21, 4, 1, 10, 56),
(829, 21, 1, 5, 11, 32),
(830, 21, 2, 1, 11, 32),
(831, 21, 3, 6, 11, 32),
(832, 3, 2, 3, 12, 57),
(833, 3, 4, 1, 12, 57),
(834, 3, 5, 1, 12, 57),
(835, 75, 2, 3, 13, 35),
(836, 75, 4, 1, 13, 35),
(837, 75, 5, 1, 13, 35),
(838, 94, 2, 3, 14, 34),
(839, 94, 4, 1, 14, 34),
(840, 94, 5, 1, 14, 34),
(841, 3, 1, 5, 15, 4),
(842, 3, 3, 2, 15, 4),
(843, 3, 4, 7, 15, 4),
(844, 66, 2, 7, 16, 21),
(845, 66, 3, 6, 16, 21),
(846, 66, 4, 7, 16, 21),
(847, 116, 2, 7, 17, 22),
(848, 116, 3, 6, 17, 22),
(849, 116, 4, 7, 17, 22),
(850, 21, 1, 7, 18, 23),
(851, 21, 2, 6, 18, 23),
(852, 21, 4, 5, 18, 23),
(853, 12, 2, 3, 20, 24),
(854, 12, 3, 7, 20, 24),
(855, 12, 5, 7, 20, 24),
(856, 94, 1, 3, 21, 25),
(857, 94, 3, 2, 21, 25),
(858, 94, 4, 3, 21, 25),
(859, 95, 1, 3, 22, 26),
(860, 95, 3, 3, 22, 26),
(861, 95, 5, 6, 22, 26),
(862, 116, 1, 7, 23, 27),
(863, 116, 3, 3, 23, 27),
(864, 116, 4, 2, 23, 27),
(865, 12, 2, 7, 16, 61),
(866, 12, 3, 6, 16, 61),
(867, 12, 4, 7, 16, 61),
(868, 12, 2, 7, 17, 61),
(869, 12, 3, 6, 17, 61),
(870, 12, 4, 7, 17, 61),
(871, 3, 1, 7, 24, 29),
(872, 3, 2, 5, 24, 29),
(873, 3, 4, 5, 24, 29),
(874, 95, 1, 7, 25, 52),
(875, 95, 2, 3, 25, 52),
(876, 95, 4, 5, 25, 52),
(877, 94, 1, 7, 26, 30),
(878, 94, 2, 2, 26, 30),
(879, 94, 5, 5, 26, 30),
(883, 12, 1, 6, 28, 5),
(884, 12, 2, 5, 28, 5),
(885, 12, 4, 3, 28, 5),
(886, 12, 1, 7, 29, 58),
(887, 12, 2, 1, 29, 58),
(888, 12, 4, 6, 29, 58),
(889, 9, 4, 5, 47, 39),
(890, 9, 5, 6, 47, 40),
(891, 9, 5, 7, 47, 40),
(892, 9, 1, 10, 64, 40),
(893, 9, 1, 12, 64, 40),
(894, 9, 3, 8, 64, 40),
(895, 43, 1, 1, 49, 44),
(896, 43, 1, 2, 49, 44),
(897, 43, 4, 1, 49, 44),
(898, 43, 4, 2, 49, 44),
(899, 43, 5, 1, 49, 44),
(900, 43, 5, 2, 49, 44),
(901, 123, 2, 10, 65, 44),
(902, 123, 2, 12, 65, 44),
(903, 123, 3, 15, 65, 44),
(904, 123, 3, 17, 65, 44),
(905, 123, 5, 8, 65, 44),
(906, 123, 5, 10, 65, 44),
(907, 62, 2, 6, 49, 44),
(908, 62, 3, 6, 49, 44),
(909, 62, 3, 7, 49, 44),
(910, 62, 4, 5, 49, 44),
(911, 62, 4, 6, 49, 44),
(912, 15, 1, 12, 65, 44),
(913, 15, 1, 15, 65, 44),
(914, 15, 2, 15, 65, 44),
(915, 15, 4, 8, 65, 44),
(916, 15, 4, 10, 65, 44),
(917, 98, 2, 1, 49, 44),
(918, 98, 2, 2, 49, 44),
(919, 98, 3, 1, 49, 44),
(920, 98, 3, 2, 49, 44),
(921, 98, 4, 17, 65, 44),
(922, 98, 4, 19, 65, 44),
(923, 98, 5, 12, 65, 44),
(924, 98, 5, 15, 65, 44),
(925, 51, 1, 5, 34, 34),
(926, 51, 2, 3, 34, 63),
(927, 51, 3, 3, 34, 24),
(928, 51, 4, 5, 34, 63),
(929, 51, 1, 1, 39, 51),
(930, 51, 2, 5, 39, 51),
(931, 51, 3, 1, 39, 51),
(932, 51, 4, 2, 39, 51),
(933, 54, 1, 1, 51, 64),
(934, 81, 1, 1, 51, 64),
(935, 52, 1, 1, 51, 64),
(936, 77, 1, 1, 51, 64),
(937, 42, 1, 1, 51, 64),
(938, 83, 1, 1, 51, 64),
(939, 63, 1, 1, 51, 64),
(940, 41, 1, 2, 51, 64),
(941, 14, 1, 2, 51, 64),
(942, 26, 1, 2, 51, 64),
(943, 51, 1, 2, 51, 64),
(944, 5, 1, 2, 51, 64),
(945, 10, 1, 2, 51, 64),
(946, 22, 1, 2, 51, 64),
(947, 95, 1, 2, 51, 64),
(948, 98, 1, 3, 51, 64),
(949, 89, 1, 3, 51, 64),
(950, 79, 1, 3, 51, 64),
(951, 24, 1, 3, 51, 64),
(952, 54, 1, 3, 51, 64),
(953, 108, 1, 3, 51, 64),
(954, 77, 1, 3, 51, 64),
(955, 93, 1, 3, 51, 64),
(956, 4, 1, 5, 51, 64),
(957, 43, 1, 5, 51, 64),
(958, 20, 1, 5, 51, 64),
(959, 82, 1, 5, 51, 64),
(960, 89, 1, 5, 51, 64),
(961, 72, 1, 5, 51, 64),
(962, 100, 1, 5, 51, 64),
(963, 94, 1, 5, 51, 64),
(964, 124, 1, 5, 51, 64),
(965, 98, 1, 6, 51, 64),
(966, 43, 1, 6, 51, 64),
(967, 26, 1, 6, 51, 64),
(968, 33, 1, 6, 51, 64),
(969, 117, 1, 6, 51, 64),
(970, 24, 1, 6, 51, 64),
(971, 94, 1, 6, 51, 64),
(972, 98, 1, 7, 51, 64),
(973, 44, 1, 7, 51, 64),
(974, 89, 1, 7, 51, 64),
(975, 117, 1, 7, 51, 64),
(976, 57, 1, 7, 51, 64),
(977, 124, 1, 7, 51, 64),
(978, 74, 1, 7, 51, 64),
(979, 92, 2, 1, 51, 64),
(980, 80, 2, 1, 51, 64),
(981, 69, 2, 1, 51, 64),
(982, 35, 2, 1, 51, 64),
(983, 99, 2, 1, 51, 64),
(984, 108, 2, 1, 51, 64),
(985, 3, 2, 1, 51, 64),
(986, 55, 2, 1, 51, 64),
(987, 114, 2, 2, 51, 64),
(988, 14, 2, 2, 51, 64),
(989, 72, 2, 2, 51, 64),
(990, 33, 2, 2, 51, 64),
(991, 120, 2, 2, 51, 64),
(992, 24, 2, 2, 51, 64),
(993, 22, 2, 2, 51, 64),
(994, 55, 2, 2, 51, 64),
(995, 98, 2, 3, 51, 64),
(996, 44, 2, 3, 51, 64),
(997, 72, 2, 3, 51, 64),
(998, 79, 2, 3, 51, 64),
(999, 99, 2, 3, 51, 64),
(1000, 30, 2, 3, 51, 64),
(1001, 65, 2, 3, 51, 64),
(1002, 84, 2, 3, 51, 64),
(1003, 16, 2, 3, 51, 64),
(1004, 62, 2, 5, 51, 64),
(1005, 92, 2, 5, 51, 64),
(1006, 122, 2, 5, 51, 64),
(1007, 100, 2, 5, 51, 64),
(1008, 65, 2, 5, 51, 64),
(1009, 55, 2, 5, 51, 64),
(1010, 49, 2, 5, 51, 64),
(1011, 109, 2, 5, 51, 64),
(1012, 8, 2, 5, 51, 64),
(1013, 4, 2, 6, 51, 64),
(1014, 9, 2, 6, 51, 64),
(1015, 44, 2, 6, 51, 64),
(1016, 79, 2, 6, 51, 64),
(1017, 54, 2, 6, 51, 64),
(1018, 81, 2, 6, 51, 64),
(1019, 106, 2, 6, 51, 64),
(1020, 3, 2, 6, 51, 64),
(1021, 25, 2, 6, 51, 64),
(1022, 98, 2, 7, 51, 64),
(1023, 4, 2, 7, 51, 64),
(1024, 59, 2, 7, 51, 64),
(1025, 19, 2, 7, 51, 64),
(1026, 62, 2, 7, 51, 64),
(1027, 20, 2, 7, 51, 64),
(1028, 40, 2, 7, 51, 64),
(1029, 78, 3, 1, 51, 64),
(1030, 68, 3, 1, 51, 64),
(1031, 36, 3, 1, 51, 64),
(1032, 81, 3, 1, 51, 64),
(1033, 65, 3, 1, 51, 64),
(1034, 57, 3, 1, 51, 64),
(1035, 93, 3, 1, 51, 64),
(1036, 115, 3, 2, 51, 64),
(1037, 90, 3, 2, 51, 64),
(1038, 22, 3, 2, 51, 64),
(1039, 65, 3, 2, 51, 64),
(1040, 109, 3, 2, 51, 64),
(1041, 42, 3, 2, 51, 64),
(1042, 25, 3, 2, 51, 64),
(1043, 9, 3, 3, 51, 64),
(1044, 122, 3, 3, 51, 64),
(1045, 79, 3, 3, 51, 64),
(1046, 24, 3, 3, 51, 64),
(1047, 18, 3, 3, 51, 64),
(1048, 110, 3, 3, 51, 64),
(1049, 93, 3, 3, 51, 64),
(1050, 7, 3, 3, 51, 64),
(1052, 4, 3, 5, 51, 64),
(1053, 62, 3, 5, 51, 64),
(1054, 89, 3, 5, 51, 64),
(1055, 13, 3, 5, 51, 64),
(1056, 33, 3, 5, 51, 64),
(1057, 122, 3, 5, 51, 64),
(1058, 118, 3, 5, 51, 64),
(1059, 29, 3, 5, 51, 64),
(1060, 8, 3, 5, 51, 64),
(1061, 59, 3, 6, 51, 64),
(1062, 43, 3, 6, 51, 64),
(1063, 19, 3, 6, 51, 64),
(1064, 105, 3, 6, 51, 64),
(1065, 33, 3, 6, 51, 64),
(1066, 108, 3, 6, 51, 64),
(1067, 107, 3, 6, 51, 64),
(1068, 25, 3, 6, 51, 64),
(1069, 43, 3, 7, 51, 64),
(1070, 114, 3, 7, 51, 64),
(1071, 102, 3, 7, 51, 64),
(1072, 89, 3, 7, 51, 64),
(1073, 87, 3, 7, 51, 64),
(1074, 8, 3, 7, 51, 64),
(1075, 74, 3, 7, 51, 64),
(1076, 105, 4, 1, 51, 64),
(1077, 80, 4, 1, 51, 64),
(1078, 36, 4, 1, 51, 64),
(1079, 29, 4, 1, 51, 64),
(1080, 77, 4, 2, 51, 64),
(1081, 38, 4, 1, 51, 64),
(1082, 116, 4, 1, 51, 64),
(1083, 93, 4, 1, 51, 64),
(1084, 105, 4, 2, 51, 64),
(1085, 35, 4, 2, 51, 64),
(1086, 72, 4, 2, 51, 64),
(1087, 118, 4, 2, 51, 64),
(1088, 30, 4, 2, 51, 64),
(1089, 52, 4, 2, 51, 64),
(1090, 49, 4, 2, 51, 64),
(1091, 111, 4, 3, 51, 64),
(1092, 78, 4, 3, 51, 64),
(1093, 51, 4, 3, 51, 64),
(1094, 24, 4, 3, 51, 64),
(1095, 22, 4, 3, 51, 64),
(1096, 107, 4, 3, 51, 64),
(1097, 38, 4, 3, 51, 64),
(1098, 88, 4, 3, 51, 64),
(1099, 41, 4, 3, 51, 64),
(1100, 115, 4, 5, 51, 64),
(1101, 6, 4, 5, 51, 64),
(1102, 82, 4, 5, 51, 64),
(1103, 58, 4, 5, 51, 64),
(1104, 79, 4, 5, 51, 64),
(1106, 39, 4, 5, 51, 64),
(1107, 116, 4, 5, 51, 64),
(1108, 59, 4, 6, 51, 64),
(1109, 43, 4, 6, 51, 64),
(1110, 72, 4, 6, 51, 64),
(1111, 55, 4, 6, 51, 64),
(1112, 109, 4, 6, 51, 64),
(1113, 16, 4, 6, 51, 64),
(1114, 34, 4, 6, 51, 64),
(1115, 62, 4, 7, 51, 64),
(1116, 115, 4, 7, 51, 64),
(1117, 6, 4, 7, 51, 64),
(1118, 65, 4, 7, 51, 64),
(1119, 55, 4, 7, 51, 64),
(1120, 74, 4, 7, 51, 64),
(1121, 63, 4, 7, 51, 64),
(1122, 121, 5, 1, 51, 64),
(1123, 14, 5, 1, 51, 64),
(1124, 102, 5, 1, 51, 64),
(1125, 87, 5, 1, 51, 64),
(1126, 77, 5, 1, 51, 64),
(1127, 84, 5, 1, 51, 64),
(1128, 111, 5, 1, 51, 64),
(1129, 33, 5, 2, 51, 64),
(1130, 117, 5, 2, 51, 64),
(1131, 118, 1, 6, 51, 64),
(1132, 46, 5, 2, 51, 64),
(1133, 10, 5, 2, 51, 64),
(1134, 95, 5, 2, 51, 64),
(1135, 49, 5, 2, 51, 64),
(1136, 119, 5, 2, 51, 64),
(1137, 78, 5, 3, 51, 64),
(1138, 115, 5, 3, 51, 64),
(1139, 104, 5, 3, 51, 64),
(1140, 93, 5, 3, 51, 64),
(1141, 42, 5, 3, 51, 64),
(1142, 7, 5, 3, 51, 64),
(1143, 25, 5, 3, 51, 64),
(1144, 88, 5, 3, 51, 64),
(1145, 41, 5, 5, 51, 64),
(1146, 92, 5, 5, 51, 64),
(1147, 69, 5, 5, 51, 64),
(1148, 40, 5, 5, 51, 64),
(1149, 122, 5, 5, 51, 64),
(1150, 118, 5, 5, 51, 64),
(1151, 5, 5, 5, 51, 64),
(1152, 105, 5, 6, 51, 64),
(1153, 121, 5, 6, 51, 64),
(1154, 80, 5, 6, 51, 64),
(1155, 69, 5, 6, 51, 64),
(1156, 51, 5, 6, 51, 64),
(1157, 45, 5, 6, 51, 64),
(1158, 49, 5, 6, 51, 64),
(1159, 119, 5, 6, 51, 64),
(1160, 105, 5, 7, 51, 64),
(1161, 121, 5, 7, 51, 64),
(1162, 92, 5, 7, 51, 64),
(1163, 80, 5, 7, 51, 64),
(1164, 87, 5, 7, 51, 64),
(1165, 51, 5, 7, 51, 64),
(1166, 8, 5, 7, 51, 64),
(1167, 70, 1, 1, 53, 64),
(1168, 75, 1, 2, 53, 64),
(1169, 38, 1, 3, 53, 64),
(1170, 68, 1, 5, 53, 64),
(1171, 86, 1, 6, 53, 64),
(1172, 96, 1, 7, 53, 64),
(1173, 96, 2, 1, 53, 64),
(1174, 103, 2, 2, 53, 64),
(1175, 116, 2, 3, 53, 64),
(1176, 11, 2, 5, 53, 64),
(1177, 34, 2, 6, 53, 64),
(1178, 120, 2, 7, 53, 64),
(1179, 70, 3, 1, 53, 64),
(1180, 71, 3, 2, 53, 64),
(1181, 66, 3, 3, 53, 64),
(1182, 12, 3, 5, 53, 64),
(1183, 81, 3, 6, 53, 64),
(1184, 56, 3, 7, 53, 64),
(1185, 70, 4, 1, 53, 64),
(1186, 12, 4, 2, 53, 64),
(1187, 116, 4, 3, 53, 64),
(1188, 11, 4, 5, 53, 64),
(1189, 81, 4, 6, 53, 64),
(1190, 64, 4, 7, 53, 64),
(1191, 86, 5, 1, 53, 64),
(1192, 96, 5, 2, 53, 64),
(1193, 38, 5, 3, 53, 64),
(1194, 11, 5, 5, 53, 64),
(1195, 66, 5, 6, 53, 64),
(1196, 56, 5, 7, 53, 64),
(1197, 88, 1, 4, 70, 64),
(1198, 115, 1, 4, 71, 64),
(1199, 92, 1, 4, 66, 64),
(1200, 104, 1, 4, 68, 64),
(1201, 13, 1, 4, 73, 64),
(1202, 122, 1, 4, 67, 64),
(1203, 18, 1, 4, 69, 64),
(1204, 45, 1, 4, 72, 64),
(1205, 84, 1, 4, 62, 64),
(1206, 9, 2, 4, 66, 64),
(1207, 80, 2, 4, 70, 64),
(1208, 58, 2, 4, 67, 64),
(1209, 90, 2, 4, 68, 64),
(1210, 106, 2, 4, 69, 64),
(1211, 39, 2, 4, 71, 64),
(1212, 109, 2, 4, 72, 64),
(1213, 42, 2, 4, 73, 64),
(1214, 25, 2, 4, 62, 64),
(1215, 111, 3, 4, 73, 64),
(1216, 92, 3, 4, 69, 64),
(1217, 104, 3, 4, 72, 64),
(1218, 13, 3, 4, 68, 64),
(1219, 18, 3, 4, 62, 64),
(1220, 110, 3, 4, 70, 64),
(1221, 109, 3, 4, 74, 64),
(1222, 42, 3, 4, 66, 64),
(1223, 25, 3, 4, 67, 64),
(1224, 9, 4, 4, 68, 64),
(1225, 111, 4, 4, 62, 64),
(1226, 122, 4, 4, 70, 64),
(1227, 18, 4, 4, 71, 64),
(1228, 106, 4, 4, 73, 64),
(1229, 110, 4, 4, 72, 64),
(1230, 39, 4, 4, 69, 64),
(1231, 109, 4, 4, 66, 64),
(1232, 42, 4, 4, 67, 64),
(1233, 115, 5, 4, 73, 64),
(1234, 80, 5, 4, 69, 64),
(1235, 58, 5, 4, 68, 64),
(1236, 90, 5, 4, 71, 64),
(1237, 18, 5, 4, 62, 64),
(1238, 45, 5, 4, 67, 64),
(1239, 109, 5, 4, 72, 64),
(1240, 42, 5, 4, 66, 64),
(1241, 84, 5, 4, 70, 64),
(1242, 57, 2, 11, 55, 47),
(1243, 67, 3, 13, 55, 47),
(1244, 57, 4, 11, 58, 30),
(1245, 57, 4, 13, 58, 30),
(1246, 30, 2, 1, 37, 46),
(1247, 30, 4, 7, 37, 46),
(1248, 30, 3, 6, 38, 53),
(1249, 30, 5, 1, 38, 53),
(1250, 99, 4, 7, 39, 54),
(1251, 99, 5, 6, 39, 54),
(1252, 99, 2, 6, 40, 11),
(1253, 99, 5, 3, 40, 11),
(1254, 116, 2, 6, 37, 46),
(1255, 116, 3, 7, 37, 46),
(1256, 116, 5, 1, 37, 46),
(1257, 116, 2, 1, 38, 53),
(1258, 116, 4, 6, 38, 53),
(1259, 116, 5, 2, 38, 53),
(1260, 66, 1, 3, 39, 54),
(1261, 66, 3, 7, 39, 54),
(1262, 66, 5, 5, 39, 54),
(1263, 21, 2, 7, 40, 11),
(1264, 21, 4, 7, 40, 11),
(1265, 21, 5, 1, 40, 11),
(1266, 66, 1, 1, 39, 54),
(1267, 75, 1, 5, 39, 60),
(1268, 66, 2, 5, 39, 54),
(1269, 75, 2, 6, 39, 60),
(1270, 66, 3, 1, 39, 54),
(1271, 75, 3, 6, 39, 60),
(1272, 66, 4, 2, 39, 54),
(1273, 75, 4, 5, 39, 60),
(1274, 94, 1, 1, 32, 45),
(1275, 94, 2, 1, 32, 45),
(1276, 94, 4, 2, 32, 45),
(1277, 94, 5, 3, 32, 45),
(1278, 3, 2, 2, 33, 4),
(1279, 3, 3, 7, 33, 11),
(1280, 3, 4, 3, 33, 4),
(1281, 3, 5, 3, 33, 4),
(1282, 21, 2, 2, 34, 36),
(1283, 21, 3, 7, 34, 36),
(1284, 21, 4, 3, 34, 36),
(1285, 21, 5, 3, 34, 36),
(1286, 3, 2, 2, 36, 4),
(1287, 3, 3, 7, 36, 11),
(1288, 3, 4, 3, 36, 4),
(1289, 3, 5, 3, 36, 4),
(1290, 28, 2, 7, 49, 44),
(1291, 28, 4, 7, 49, 44),
(1292, 28, 5, 7, 49, 44),
(1293, 28, 1, 17, 65, 44),
(1294, 28, 1, 19, 65, 44),
(1295, 28, 3, 19, 65, 44),
(1296, 47, 1, 1, 45, 31),
(1297, 47, 4, 1, 45, 31),
(1298, 47, 4, 2, 45, 31),
(1299, 86, 2, 1, 44, 41),
(1300, 86, 3, 1, 44, 41),
(1301, 86, 4, 1, 44, 41),
(1302, 105, 3, 7, 46, 8),
(1303, 105, 4, 6, 46, 8),
(1304, 105, 4, 7, 46, 8),
(1305, 78, 1, 1, 50, 48),
(1306, 78, 4, 5, 50, 48),
(1308, 47, 3, 1, 42, 59),
(1309, 47, 3, 2, 42, 59),
(1310, 47, 4, 3, 42, 59),
(1311, 47, 4, 5, 42, 59),
(1312, 101, 1, 1, 42, 59),
(1313, 101, 1, 2, 42, 59),
(1314, 101, 2, 2, 42, 59),
(1315, 101, 2, 3, 42, 59),
(1316, 101, 4, 2, 42, 59),
(1317, 101, 5, 3, 42, 59),
(1318, 101, 5, 5, 42, 59),
(1319, 61, 1, 3, 37, 46),
(1320, 61, 3, 1, 37, 46),
(1321, 61, 5, 5, 37, 46),
(1322, 6, 1, 5, 38, 53),
(1323, 6, 3, 3, 38, 53),
(1324, 6, 5, 7, 38, 53),
(1325, 35, 2, 7, 39, 54),
(1326, 35, 3, 5, 39, 54),
(1327, 35, 5, 3, 39, 54),
(1328, 97, 2, 11, 58, 30),
(1329, 28, 2, 6, 47, 39),
(1330, 28, 4, 1, 47, 40),
(1331, 28, 5, 1, 47, 39),
(1332, 28, 5, 2, 47, 39),
(1333, 28, 1, 15, 64, 40),
(1334, 28, 2, 19, 64, 40),
(1335, 28, 3, 15, 64, 40),
(1336, 28, 3, 17, 64, 40),
(1337, 61, 2, 5, 36, 38),
(1338, 61, 3, 3, 36, 38),
(1339, 61, 4, 1, 36, 38),
(1340, 97, 1, 5, 35, 12),
(1341, 97, 3, 5, 35, 12),
(1342, 97, 4, 5, 35, 12),
(1343, 82, 2, 5, 32, 45),
(1344, 82, 3, 2, 32, 45),
(1345, 82, 5, 5, 32, 45),
(1346, 58, 1, 2, 33, 37),
(1347, 58, 2, 3, 33, 37),
(1348, 58, 4, 6, 33, 37),
(1349, 97, 1, 2, 34, 36),
(1350, 97, 2, 5, 34, 36),
(1351, 97, 5, 1, 34, 36),
(1352, 58, 2, 7, 1, 13),
(1353, 58, 3, 2, 1, 13),
(1354, 58, 4, 2, 1, 13),
(1355, 58, 5, 5, 1, 13),
(1357, 14, 2, 1, 2, 14),
(1358, 14, 4, 1, 2, 14),
(1359, 14, 5, 5, 2, 14),
(1360, 102, 1, 1, 3, 15),
(1361, 102, 2, 1, 3, 15),
(1362, 102, 3, 3, 3, 15),
(1363, 102, 4, 6, 3, 15),
(1364, 58, 1, 1, 4, 16),
(1365, 58, 2, 1, 4, 16),
(1366, 58, 4, 1, 4, 16),
(1367, 58, 5, 3, 4, 16),
(1368, 86, 1, 2, 5, 17),
(1369, 86, 2, 2, 5, 17),
(1370, 86, 3, 2, 5, 17),
(1371, 86, 4, 3, 5, 17),
(1372, 14, 1, 3, 6, 18),
(1373, 14, 2, 3, 6, 18),
(1374, 14, 3, 2, 6, 18),
(1375, 14, 5, 2, 6, 18),
(1376, 102, 1, 2, 7, 19),
(1377, 102, 2, 2, 7, 19),
(1378, 102, 3, 2, 7, 19),
(1379, 102, 4, 1, 7, 19),
(1380, 102, 1, 3, 8, 20),
(1381, 102, 3, 6, 8, 20),
(1382, 102, 4, 7, 8, 20),
(1383, 102, 5, 2, 8, 20),
(1384, 89, 1, 1, 41, 39),
(1385, 89, 1, 2, 41, 39),
(1386, 89, 2, 7, 41, 39),
(1387, 89, 3, 1, 41, 39),
(1388, 89, 3, 2, 41, 39),
(1389, 89, 2, 15, 63, 41),
(1390, 89, 2, 19, 63, 41),
(1391, 89, 4, 17, 63, 41),
(1392, 89, 4, 19, 63, 41),
(1393, 89, 5, 19, 63, 41),
(1394, 97, 2, 13, 55, 47),
(1395, 35, 3, 1, 13, 60),
(1396, 35, 4, 3, 13, 60),
(1397, 35, 5, 6, 13, 60),
(1398, 35, 3, 1, 14, 60),
(1399, 35, 4, 3, 14, 60),
(1400, 35, 5, 6, 14, 60),
(1401, 6, 2, 2, 40, 11),
(1402, 6, 3, 6, 40, 11),
(1403, 6, 5, 2, 40, 11),
(1404, 97, 1, 6, 9, 33),
(1405, 97, 3, 1, 9, 33),
(1406, 97, 5, 5, 9, 33),
(1407, 58, 2, 5, 10, 56),
(1408, 58, 4, 7, 10, 56),
(1409, 58, 5, 7, 10, 56),
(1410, 97, 1, 1, 11, 32),
(1411, 97, 3, 3, 11, 32),
(1412, 97, 4, 6, 11, 32),
(1413, 14, 1, 5, 12, 57),
(1414, 14, 2, 5, 12, 57),
(1415, 14, 4, 2, 12, 57),
(1416, 14, 3, 1, 13, 35),
(1417, 14, 4, 3, 13, 35),
(1418, 14, 5, 6, 13, 35),
(1419, 58, 3, 1, 14, 34),
(1420, 58, 4, 3, 14, 34),
(1421, 58, 5, 6, 14, 34),
(1422, 82, 1, 3, 15, 4),
(1423, 82, 3, 5, 15, 4),
(1424, 82, 4, 6, 15, 4),
(1425, 61, 1, 6, 16, 21),
(1426, 61, 2, 6, 16, 21),
(1427, 61, 3, 5, 16, 21),
(1428, 61, 5, 3, 16, 21),
(1429, 6, 1, 6, 17, 22),
(1430, 6, 2, 6, 17, 22),
(1431, 6, 3, 5, 17, 22),
(1432, 6, 5, 3, 17, 22),
(1433, 61, 1, 2, 18, 23),
(1434, 61, 2, 2, 18, 23),
(1435, 61, 3, 2, 18, 23),
(1436, 61, 5, 1, 18, 23),
(1437, 61, 1, 1, 20, 24),
(1438, 61, 3, 6, 20, 24),
(1439, 61, 4, 2, 20, 24),
(1440, 61, 5, 2, 20, 24),
(1441, 6, 1, 7, 21, 25),
(1442, 6, 3, 7, 21, 25),
(1443, 6, 4, 1, 21, 25),
(1444, 6, 5, 6, 21, 25),
(1445, 82, 1, 7, 22, 26),
(1446, 82, 2, 7, 22, 26),
(1447, 82, 3, 7, 22, 26),
(1448, 82, 4, 7, 22, 26),
(1449, 82, 1, 2, 23, 27),
(1450, 82, 2, 3, 23, 27),
(1451, 82, 3, 6, 23, 27),
(1452, 82, 5, 6, 23, 27),
(1453, 14, 1, 6, 16, 61),
(1454, 14, 2, 6, 16, 61),
(1455, 14, 3, 5, 16, 61),
(1456, 14, 5, 3, 16, 61),
(1457, 14, 1, 6, 17, 61),
(1458, 14, 2, 6, 17, 61),
(1459, 14, 3, 5, 17, 61),
(1460, 14, 5, 3, 17, 61),
(1461, 82, 1, 6, 24, 29),
(1462, 82, 2, 6, 24, 29),
(1463, 82, 3, 3, 24, 29),
(1464, 82, 5, 7, 24, 29),
(1465, 35, 1, 2, 25, 52),
(1466, 35, 2, 5, 25, 52),
(1467, 35, 4, 6, 25, 52),
(1468, 35, 5, 7, 25, 52),
(1469, 86, 1, 1, 26, 30),
(1470, 86, 2, 5, 26, 30),
(1471, 86, 3, 5, 26, 30),
(1472, 86, 5, 2, 26, 30),
(1477, 35, 1, 1, 28, 5),
(1478, 35, 2, 2, 28, 5),
(1479, 35, 3, 2, 28, 5),
(1480, 35, 4, 1, 28, 5),
(1481, 102, 1, 5, 29, 58),
(1482, 102, 3, 1, 29, 58),
(1483, 102, 4, 2, 29, 58),
(1484, 102, 5, 3, 29, 58),
(1485, 16, 2, 5, 16, 26),
(1486, 16, 5, 5, 16, 26),
(1487, 16, 2, 5, 17, 26),
(1488, 16, 5, 5, 17, 26),
(1489, 16, 2, 5, 18, 26),
(1490, 16, 5, 5, 18, 26),
(1491, 16, 2, 5, 20, 26),
(1492, 16, 5, 5, 20, 26),
(1493, 16, 2, 5, 21, 26),
(1494, 16, 5, 5, 21, 26),
(1495, 16, 2, 5, 22, 26),
(1496, 16, 5, 5, 22, 26),
(1497, 16, 2, 5, 23, 26),
(1498, 16, 5, 5, 23, 26),
(1499, 16, 1, 7, 28, 5),
(1500, 16, 4, 7, 28, 5),
(1501, 16, 5, 7, 28, 5),
(1502, 16, 2, 7, 29, 58),
(1503, 16, 3, 7, 29, 58),
(1504, 16, 5, 2, 29, 58),
(1505, 69, 1, 5, 45, 31),
(1506, 69, 2, 2, 45, 31),
(1507, 69, 2, 3, 45, 31),
(1508, 69, 3, 1, 45, 31),
(1509, 69, 3, 2, 45, 31),
(1510, 69, 5, 3, 45, 31),
(1511, 47, 1, 2, 45, 31),
(1512, 47, 1, 3, 45, 31),
(1513, 47, 2, 1, 45, 31),
(1514, 47, 3, 3, 45, 31),
(1515, 47, 5, 5, 45, 31),
(1516, 47, 5, 6, 45, 31),
(1517, 101, 1, 3, 42, 59),
(1518, 101, 1, 5, 42, 59),
(1519, 101, 2, 1, 42, 59),
(1520, 101, 4, 1, 42, 59),
(1521, 101, 5, 1, 42, 59),
(1522, 101, 5, 2, 42, 59),
(1523, 101, 2, 5, 45, 31),
(1524, 101, 3, 5, 45, 31),
(1525, 101, 3, 6, 45, 31),
(1526, 101, 4, 3, 45, 31),
(1527, 101, 4, 5, 45, 31),
(1528, 51, 1, 3, 34, 14),
(1529, 51, 2, 6, 34, 63),
(1530, 51, 3, 5, 34, 63),
(1531, 51, 4, 1, 34, 63),
(1532, 51, 1, 6, 39, 60),
(1533, 51, 2, 1, 39, 60),
(1534, 51, 4, 6, 39, 60),
(1535, 51, 5, 2, 39, 60),
(1536, 51, 2, 2, 24, 52),
(1537, 51, 3, 2, 24, 52),
(1538, 51, 5, 3, 24, 52),
(1539, 51, 2, 2, 25, 52),
(1540, 51, 3, 2, 25, 52),
(1541, 51, 5, 3, 25, 52),
(1542, 60, 2, 1, 35, 12),
(1543, 60, 3, 1, 35, 12),
(1544, 60, 5, 5, 35, 12),
(1545, 90, 1, 6, 36, 38),
(1546, 90, 2, 1, 36, 38),
(1547, 90, 3, 5, 36, 38),
(1548, 50, 1, 5, 32, 45),
(1549, 50, 3, 1, 32, 45),
(1550, 50, 4, 5, 32, 45),
(1551, 40, 1, 5, 33, 37),
(1552, 40, 3, 1, 33, 37),
(1553, 40, 5, 6, 33, 37),
(1554, 40, 1, 1, 34, 36),
(1555, 40, 4, 2, 34, 36),
(1556, 40, 5, 7, 34, 36),
(1557, 60, 2, 5, 37, 46),
(1558, 60, 4, 6, 37, 46),
(1559, 60, 5, 6, 37, 46),
(1560, 50, 1, 7, 38, 53),
(1561, 50, 3, 7, 38, 53),
(1562, 50, 4, 7, 38, 53),
(1563, 2, 2, 2, 39, 54),
(1564, 2, 4, 3, 39, 54),
(1565, 2, 5, 1, 39, 54),
(1566, 12, 1, 1, 16, 61),
(1567, 12, 2, 2, 16, 61),
(1568, 12, 3, 2, 16, 61),
(1569, 12, 4, 1, 16, 61),
(1570, 12, 1, 1, 17, 61),
(1571, 12, 2, 2, 17, 61),
(1572, 12, 3, 2, 17, 61),
(1573, 12, 4, 1, 17, 61),
(1574, 40, 1, 2, 1, 13),
(1575, 40, 2, 3, 1, 13),
(1576, 40, 4, 6, 1, 13),
(1577, 40, 5, 2, 1, 13),
(1578, 13, 1, 6, 2, 14),
(1579, 13, 3, 6, 2, 14),
(1580, 13, 4, 6, 2, 33),
(1581, 13, 5, 6, 2, 14),
(1582, 87, 1, 6, 3, 15),
(1583, 8, 1, 6, 3, 50),
(1584, 87, 2, 3, 3, 15),
(1585, 8, 2, 3, 3, 50),
(1586, 87, 4, 7, 3, 15),
(1587, 8, 4, 7, 3, 50),
(1588, 87, 5, 2, 3, 15),
(1589, 8, 5, 2, 3, 50),
(1590, 13, 1, 7, 4, 16),
(1591, 13, 2, 7, 4, 16),
(1592, 13, 3, 7, 4, 16),
(1593, 13, 4, 5, 4, 16),
(1594, 53, 1, 3, 5, 17),
(1595, 53, 2, 1, 5, 17),
(1596, 53, 4, 1, 5, 17),
(1597, 53, 5, 2, 5, 17),
(1598, 104, 1, 7, 6, 18),
(1599, 104, 2, 7, 6, 18),
(1600, 104, 3, 6, 6, 18),
(1601, 104, 4, 3, 6, 18),
(1602, 87, 1, 5, 7, 19),
(1603, 8, 1, 5, 7, 50),
(1604, 87, 2, 7, 7, 19),
(1605, 8, 2, 7, 7, 50),
(1606, 87, 3, 6, 7, 19),
(1607, 8, 3, 6, 7, 50),
(1608, 87, 4, 3, 7, 19),
(1609, 8, 4, 3, 7, 50),
(1610, 87, 1, 7, 8, 20),
(1611, 8, 1, 7, 8, 50),
(1612, 87, 3, 2, 8, 20),
(1613, 8, 3, 2, 8, 50),
(1614, 87, 4, 2, 8, 20),
(1615, 8, 4, 2, 8, 50),
(1616, 87, 5, 5, 8, 20),
(1617, 8, 5, 5, 8, 50),
(1618, 71, 1, 7, 13, 60),
(1619, 71, 2, 5, 13, 60),
(1620, 71, 3, 3, 13, 60),
(1621, 71, 5, 5, 13, 60),
(1622, 71, 1, 7, 14, 60),
(1623, 71, 2, 5, 14, 60),
(1624, 71, 3, 3, 14, 60),
(1625, 71, 5, 5, 14, 60),
(1626, 2, 1, 1, 40, 11),
(1627, 2, 3, 1, 40, 11),
(1628, 2, 4, 2, 40, 11),
(1629, 72, 2, 5, 9, 33),
(1630, 13, 2, 5, 9, 61),
(1631, 72, 3, 3, 9, 33),
(1632, 13, 3, 3, 9, 61),
(1633, 72, 4, 3, 9, 33),
(1634, 13, 4, 3, 9, 61),
(1635, 72, 5, 7, 9, 33),
(1636, 13, 5, 7, 9, 61),
(1637, 71, 1, 1, 10, 56),
(1638, 71, 3, 5, 10, 56),
(1639, 71, 4, 2, 10, 56),
(1640, 71, 5, 2, 10, 56),
(1641, 72, 1, 6, 11, 32),
(1642, 72, 3, 2, 11, 32),
(1643, 72, 4, 7, 11, 32),
(1644, 72, 5, 6, 11, 32),
(1645, 90, 2, 6, 12, 57),
(1646, 8, 2, 6, 12, 50),
(1647, 90, 3, 1, 12, 57),
(1648, 8, 3, 1, 12, 50),
(1649, 90, 4, 6, 12, 57),
(1650, 8, 4, 6, 12, 50),
(1651, 90, 5, 3, 12, 57),
(1652, 8, 5, 3, 12, 50),
(1653, 26, 1, 7, 13, 35),
(1654, 26, 2, 5, 13, 35),
(1655, 26, 3, 3, 13, 35),
(1656, 26, 5, 5, 13, 35),
(1657, 90, 1, 7, 14, 34),
(1658, 90, 2, 5, 14, 34),
(1659, 90, 3, 3, 14, 34),
(1660, 90, 5, 5, 14, 34),
(1661, 90, 2, 7, 15, 4),
(1662, 90, 3, 7, 15, 4),
(1663, 90, 4, 5, 15, 4),
(1664, 90, 5, 6, 15, 4),
(1665, 26, 1, 1, 16, 21),
(1666, 26, 2, 2, 16, 21),
(1667, 26, 3, 2, 16, 21),
(1668, 26, 4, 1, 16, 21),
(1669, 60, 1, 1, 17, 22),
(1670, 60, 2, 2, 17, 22),
(1671, 60, 3, 2, 17, 22),
(1672, 60, 4, 1, 17, 22),
(1673, 60, 2, 3, 18, 23),
(1674, 60, 3, 5, 18, 23),
(1675, 60, 4, 2, 18, 23),
(1676, 60, 5, 3, 18, 23),
(1677, 104, 1, 3, 20, 24),
(1678, 104, 2, 6, 20, 24),
(1679, 104, 3, 2, 20, 24),
(1680, 104, 4, 5, 20, 24),
(1681, 104, 1, 6, 21, 25),
(1682, 104, 3, 5, 21, 25),
(1683, 104, 4, 7, 21, 25),
(1684, 104, 5, 2, 21, 25),
(1685, 26, 1, 5, 22, 26),
(1686, 26, 2, 3, 22, 26),
(1687, 26, 4, 2, 22, 26),
(1688, 26, 5, 7, 22, 26),
(1689, 26, 1, 3, 23, 27),
(1690, 26, 2, 1, 23, 27),
(1691, 26, 4, 5, 23, 27),
(1692, 26, 5, 1, 23, 27),
(1693, 104, 1, 5, 24, 29),
(1694, 104, 3, 1, 24, 29),
(1695, 104, 5, 1, 24, 29),
(1696, 40, 1, 3, 25, 52),
(1697, 40, 2, 6, 25, 52),
(1698, 40, 4, 1, 25, 52),
(1699, 40, 2, 1, 26, 30),
(1700, 40, 4, 5, 26, 30),
(1701, 40, 5, 3, 26, 30),
(1705, 72, 1, 2, 28, 5),
(1706, 72, 3, 6, 28, 35),
(1707, 72, 5, 5, 28, 5),
(1708, 90, 2, 3, 29, 58),
(1709, 90, 4, 7, 29, 58),
(1710, 90, 5, 7, 29, 58),
(1711, 87, 2, 18, 58, 30),
(1712, 87, 3, 11, 55, 47),
(1713, 114, 3, 1, 48, 10),
(1714, 114, 3, 2, 48, 10),
(1715, 114, 4, 6, 48, 10),
(1716, 114, 4, 7, 48, 10),
(1717, 53, 3, 3, 37, 54),
(1718, 53, 5, 7, 37, 54),
(1719, 53, 3, 3, 39, 54),
(1720, 53, 5, 7, 39, 54),
(1721, 71, 2, 2, 33, 37),
(1722, 71, 3, 7, 33, 37),
(1723, 71, 4, 3, 33, 37),
(1724, 71, 5, 3, 33, 37),
(1725, 53, 2, 2, 34, 38),
(1726, 53, 3, 7, 34, 38),
(1727, 53, 4, 3, 34, 38),
(1728, 53, 5, 3, 34, 38),
(1729, 53, 2, 2, 36, 38),
(1730, 53, 3, 7, 36, 38),
(1731, 53, 4, 3, 36, 38),
(1732, 53, 5, 3, 36, 38),
(1733, 77, 3, 16, 58, 30),
(1734, 77, 3, 18, 58, 30),
(1735, 65, 1, 2, 32, 45),
(1736, 65, 2, 7, 32, 45),
(1737, 65, 3, 6, 32, 45),
(1738, 65, 4, 3, 32, 45),
(1739, 110, 1, 3, 33, 37),
(1740, 110, 2, 6, 33, 37),
(1741, 110, 3, 2, 33, 37),
(1742, 110, 4, 5, 33, 37),
(1743, 85, 1, 3, 34, 36),
(1744, 85, 2, 6, 34, 36),
(1745, 85, 3, 5, 34, 36),
(1746, 85, 4, 1, 34, 36),
(1747, 45, 1, 3, 38, 53),
(1748, 45, 2, 7, 38, 53),
(1749, 45, 4, 5, 38, 53),
(1750, 45, 5, 5, 38, 53),
(1751, 77, 1, 6, 39, 54),
(1752, 77, 2, 1, 39, 54),
(1753, 77, 4, 6, 39, 54),
(1754, 77, 5, 2, 39, 54),
(1755, 107, 1, 2, 35, 12),
(1756, 107, 3, 2, 35, 12),
(1757, 107, 4, 1, 35, 12),
(1758, 107, 5, 7, 35, 12),
(1759, 7, 2, 1, 1, 13),
(1760, 7, 3, 6, 1, 13),
(1761, 7, 4, 3, 1, 13),
(1762, 7, 5, 7, 1, 13),
(1763, 65, 2, 2, 2, 14),
(1764, 65, 3, 7, 2, 14),
(1765, 65, 4, 2, 2, 14),
(1766, 65, 5, 3, 2, 14),
(1767, 39, 1, 7, 3, 15),
(1768, 39, 3, 7, 3, 15),
(1769, 39, 4, 2, 3, 15),
(1770, 39, 5, 7, 3, 15),
(1771, 39, 2, 3, 4, 16),
(1772, 39, 3, 3, 4, 16),
(1773, 39, 4, 3, 4, 16),
(1774, 39, 5, 6, 4, 16),
(1775, 23, 2, 6, 5, 17),
(1776, 23, 3, 6, 5, 17),
(1777, 23, 4, 6, 5, 17),
(1778, 23, 5, 7, 5, 17),
(1779, 23, 1, 1, 6, 18),
(1780, 23, 2, 5, 6, 18),
(1781, 23, 4, 1, 6, 18),
(1782, 23, 5, 1, 6, 18),
(1783, 107, 1, 1, 7, 19),
(1784, 107, 3, 7, 7, 19),
(1785, 107, 4, 2, 7, 19),
(1786, 107, 5, 6, 7, 19),
(1787, 39, 1, 6, 8, 20),
(1788, 39, 2, 5, 8, 20),
(1789, 39, 3, 5, 8, 20),
(1790, 39, 4, 1, 8, 20),
(1791, 79, 1, 2, 13, 60),
(1792, 79, 2, 2, 13, 60),
(1793, 79, 3, 5, 13, 65),
(1794, 79, 4, 7, 13, 60),
(1795, 79, 1, 2, 14, 60),
(1796, 79, 2, 2, 14, 60),
(1797, 79, 3, 5, 14, 65),
(1798, 79, 4, 7, 14, 60),
(1799, 52, 2, 5, 40, 11),
(1800, 52, 3, 5, 40, 11),
(1801, 52, 4, 3, 40, 11),
(1802, 52, 5, 7, 40, 11),
(1803, 7, 1, 2, 9, 33),
(1804, 88, 1, 2, 9, 61),
(1805, 7, 3, 7, 9, 33),
(1806, 88, 3, 7, 9, 61),
(1807, 7, 4, 2, 9, 33),
(1808, 88, 4, 2, 9, 61),
(1809, 7, 5, 2, 9, 33),
(1810, 88, 5, 2, 9, 61),
(1811, 45, 1, 5, 10, 56),
(1812, 45, 2, 6, 10, 56),
(1813, 45, 3, 6, 10, 56),
(1814, 45, 4, 6, 10, 56),
(1815, 110, 1, 7, 11, 32),
(1816, 110, 2, 7, 11, 32),
(1817, 110, 4, 3, 11, 32),
(1818, 110, 5, 2, 11, 32),
(1819, 7, 2, 2, 12, 57),
(1820, 124, 2, 2, 12, 50),
(1821, 7, 3, 5, 12, 57),
(1822, 124, 3, 5, 12, 50),
(1823, 7, 4, 5, 12, 57),
(1824, 124, 4, 5, 12, 50),
(1825, 7, 5, 6, 12, 57),
(1826, 124, 5, 6, 12, 50),
(1827, 45, 1, 2, 13, 35),
(1828, 45, 2, 2, 13, 35),
(1829, 45, 3, 5, 13, 35),
(1830, 45, 4, 7, 13, 35),
(1831, 110, 1, 2, 14, 34),
(1832, 110, 2, 2, 14, 34),
(1833, 110, 3, 5, 14, 34),
(1834, 110, 4, 7, 14, 34),
(1835, 45, 1, 7, 15, 4),
(1836, 45, 2, 3, 15, 4),
(1837, 45, 4, 1, 15, 4),
(1838, 45, 5, 7, 15, 4),
(1839, 33, 1, 5, 16, 28),
(1840, 33, 2, 1, 16, 28),
(1841, 33, 3, 1, 16, 28),
(1842, 33, 4, 6, 16, 28),
(1843, 33, 1, 5, 17, 28),
(1844, 33, 2, 1, 17, 28),
(1845, 33, 3, 1, 17, 28),
(1846, 33, 4, 6, 17, 28),
(1847, 52, 1, 5, 16, 22),
(1848, 52, 2, 1, 16, 22),
(1849, 52, 3, 1, 16, 22),
(1850, 52, 4, 6, 16, 22),
(1851, 52, 1, 5, 17, 22),
(1852, 52, 2, 1, 17, 22),
(1853, 52, 3, 1, 17, 22),
(1854, 52, 4, 6, 17, 22),
(1855, 39, 1, 5, 18, 23),
(1856, 39, 2, 1, 18, 23),
(1857, 39, 3, 1, 18, 23),
(1858, 39, 4, 6, 18, 23),
(1859, 85, 1, 5, 20, 24),
(1860, 85, 2, 1, 20, 24),
(1861, 85, 4, 6, 20, 24),
(1862, 85, 5, 1, 20, 24),
(1863, 65, 1, 5, 21, 25),
(1864, 65, 2, 1, 21, 25),
(1865, 65, 4, 6, 21, 25),
(1866, 65, 5, 1, 21, 25),
(1867, 112, 1, 6, 22, 26),
(1868, 112, 2, 6, 22, 26),
(1869, 112, 3, 5, 22, 26),
(1870, 112, 5, 2, 22, 26),
(1871, 65, 1, 6, 23, 27),
(1872, 65, 2, 6, 23, 27),
(1873, 65, 3, 5, 23, 27),
(1874, 65, 5, 2, 23, 27),
(1875, 107, 1, 3, 24, 29),
(1876, 107, 2, 3, 24, 29),
(1877, 107, 3, 5, 24, 29),
(1878, 107, 4, 6, 24, 29),
(1879, 107, 1, 6, 25, 52),
(1880, 107, 2, 1, 25, 52),
(1881, 107, 3, 1, 25, 52),
(1882, 107, 4, 7, 25, 52),
(1883, 52, 1, 3, 26, 30),
(1884, 52, 2, 6, 26, 30),
(1885, 52, 3, 3, 26, 30),
(1886, 52, 4, 1, 26, 30),
(1891, 110, 1, 5, 16, 21),
(1892, 110, 2, 1, 16, 21),
(1893, 110, 3, 1, 16, 21),
(1894, 110, 4, 6, 16, 21),
(1895, 110, 1, 5, 17, 21),
(1896, 110, 2, 1, 17, 21),
(1897, 110, 3, 1, 17, 21),
(1898, 110, 4, 6, 17, 21),
(1899, 110, 1, 5, 18, 21),
(1900, 110, 2, 1, 18, 21),
(1901, 110, 3, 1, 18, 21),
(1902, 110, 4, 6, 18, 21),
(1903, 22, 1, 5, 20, 15),
(1904, 22, 2, 1, 20, 20),
(1905, 22, 4, 6, 20, 16),
(1906, 22, 5, 1, 20, 20),
(1907, 22, 1, 5, 21, 15),
(1908, 22, 2, 1, 21, 20),
(1909, 22, 4, 6, 21, 16),
(1910, 22, 5, 1, 21, 20),
(1911, 22, 1, 6, 22, 12),
(1912, 22, 2, 6, 22, 53),
(1913, 22, 3, 5, 22, 45),
(1914, 22, 5, 2, 22, 45),
(1915, 22, 1, 6, 23, 12),
(1916, 22, 2, 6, 23, 53),
(1917, 22, 3, 5, 23, 45),
(1918, 22, 5, 2, 23, 45),
(1919, 22, 1, 3, 28, 5),
(1920, 22, 2, 3, 28, 5),
(1921, 22, 3, 1, 28, 5),
(1922, 22, 4, 2, 28, 5),
(1923, 22, 1, 1, 29, 58),
(1924, 22, 2, 5, 29, 58),
(1925, 22, 3, 3, 29, 58),
(1926, 22, 4, 1, 29, 58),
(1927, 77, 2, 16, 55, 47),
(1928, 77, 2, 18, 55, 47),
(1929, 78, 1, 2, 43, 7),
(1930, 78, 2, 3, 43, 7),
(1931, 78, 2, 5, 43, 7),
(1932, 78, 4, 1, 43, 7),
(1933, 114, 4, 1, 43, 7),
(1934, 78, 4, 2, 43, 7),
(1935, 78, 5, 1, 43, 7),
(1936, 114, 5, 1, 43, 7),
(1937, 78, 5, 2, 43, 7),
(1938, 114, 5, 2, 43, 7),
(1939, 76, 1, 7, 1, 13),
(1940, 76, 3, 7, 1, 66),
(1941, 76, 2, 3, 2, 66),
(1942, 76, 4, 3, 2, 14),
(1943, 76, 2, 2, 3, 66),
(1944, 76, 5, 6, 3, 66),
(1945, 76, 2, 5, 4, 66),
(1946, 76, 4, 6, 4, 66),
(1947, 103, 2, 5, 5, 17),
(1948, 103, 4, 5, 5, 66),
(1949, 76, 2, 6, 6, 66),
(1950, 76, 4, 7, 6, 66),
(1951, 76, 3, 5, 7, 66),
(1952, 76, 5, 7, 7, 66),
(1953, 103, 2, 3, 8, 20),
(1954, 103, 4, 3, 8, 66),
(1955, 103, 2, 6, 9, 33),
(1956, 103, 4, 1, 9, 66),
(1957, 103, 1, 7, 10, 66),
(1958, 103, 5, 1, 10, 66),
(1959, 103, 1, 2, 11, 66),
(1960, 103, 3, 1, 11, 66),
(1961, 103, 2, 1, 12, 66),
(1962, 103, 5, 2, 12, 66),
(1963, 76, 2, 7, 13, 35),
(1964, 76, 4, 2, 13, 66),
(1965, 103, 2, 7, 14, 66),
(1966, 103, 4, 2, 14, 34),
(1967, 103, 1, 1, 15, 66),
(1968, 103, 5, 3, 15, 66),
(1969, 115, 1, 3, 47, 40),
(1970, 115, 1, 5, 47, 40),
(1971, 115, 3, 3, 47, 40),
(1972, 115, 3, 5, 47, 40),
(1973, 115, 4, 2, 47, 40),
(1974, 115, 4, 3, 47, 40),
(1975, 62, 1, 17, 64, 40),
(1976, 62, 1, 19, 64, 40),
(1977, 62, 2, 8, 64, 40),
(1978, 62, 2, 10, 64, 40),
(1979, 62, 5, 17, 64, 40),
(1980, 62, 5, 19, 64, 40),
(1981, 43, 1, 3, 44, 41),
(1982, 43, 2, 7, 44, 41),
(1983, 43, 3, 2, 44, 41),
(1984, 43, 4, 3, 44, 41),
(1985, 43, 4, 5, 44, 41),
(1986, 43, 5, 3, 44, 41),
(1987, 43, 5, 5, 44, 41),
(1988, 111, 1, 5, 44, 41),
(1989, 111, 2, 2, 44, 41),
(1990, 111, 2, 3, 44, 41),
(1991, 111, 3, 3, 44, 41),
(1992, 111, 4, 2, 44, 41),
(1993, 111, 5, 2, 44, 41),
(1994, 41, 1, 3, 41, 39),
(1995, 41, 1, 5, 41, 39),
(1996, 41, 4, 1, 41, 39),
(1997, 41, 4, 2, 41, 39),
(1998, 41, 3, 17, 63, 41),
(1999, 41, 3, 19, 63, 41),
(2000, 41, 4, 12, 63, 41),
(2001, 41, 4, 15, 63, 41),
(2002, 38, 3, 6, 33, 36),
(2003, 38, 5, 5, 33, 36),
(2004, 38, 3, 6, 34, 36),
(2005, 38, 5, 5, 34, 36),
(2006, 20, 1, 2, 31, 6),
(2007, 20, 1, 3, 31, 6),
(2008, 20, 3, 3, 31, 6),
(2009, 20, 3, 5, 31, 6),
(2010, 9, 2, 2, 47, 40),
(2011, 9, 2, 3, 47, 40),
(2012, 9, 4, 6, 47, 40),
(2013, 9, 4, 7, 47, 40),
(2014, 9, 5, 3, 47, 39),
(2015, 9, 5, 5, 47, 40),
(2016, 123, 2, 15, 64, 40),
(2017, 123, 2, 17, 64, 40),
(2018, 123, 3, 10, 64, 40),
(2019, 123, 3, 12, 64, 40),
(2020, 123, 5, 12, 64, 40),
(2021, 123, 5, 15, 64, 40),
(2022, 27, 2, 6, 48, 10),
(2023, 27, 2, 7, 48, 10),
(2024, 27, 3, 6, 48, 10),
(2025, 27, 3, 7, 48, 10),
(2026, 27, 4, 3, 48, 10),
(2027, 27, 4, 5, 48, 10),
(2028, 27, 5, 6, 48, 9),
(2029, 27, 5, 7, 48, 10),
(2030, 54, 1, 2, 37, 54),
(2031, 54, 2, 3, 37, 54),
(2032, 54, 3, 2, 37, 54),
(2033, 54, 4, 1, 37, 54),
(2034, 54, 1, 2, 38, 54),
(2035, 54, 2, 3, 38, 54),
(2036, 54, 3, 2, 38, 54),
(2037, 54, 4, 1, 38, 54),
(2038, 54, 1, 2, 39, 54),
(2039, 54, 2, 3, 39, 54),
(2040, 54, 3, 2, 39, 54),
(2041, 54, 4, 1, 39, 54),
(2042, 54, 1, 2, 40, 54),
(2043, 54, 2, 3, 40, 54),
(2044, 54, 3, 2, 40, 54),
(2045, 54, 4, 1, 40, 54),
(2046, 33, 1, 3, 40, 11),
(2047, 33, 3, 3, 40, 11),
(2048, 33, 4, 5, 40, 11),
(2049, 33, 5, 6, 40, 11),
(2050, 9, 2, 7, 47, 40),
(2051, 9, 3, 6, 47, 39),
(2052, 9, 3, 7, 47, 39),
(2053, 17, 3, 19, 64, 40),
(2054, 17, 4, 17, 64, 40),
(2055, 17, 4, 19, 64, 40),
(2056, 44, 1, 3, 43, 7),
(2057, 44, 1, 5, 43, 7),
(2058, 44, 3, 3, 43, 7),
(2059, 44, 3, 5, 43, 7),
(2060, 44, 4, 3, 43, 7),
(2061, 64, 4, 3, 43, 7),
(2062, 44, 4, 5, 43, 7),
(2063, 80, 4, 5, 43, 7),
(2065, 80, 5, 3, 43, 47),
(2066, 86, 2, 6, 28, 58),
(2067, 53, 3, 5, 28, 58),
(2068, 107, 4, 5, 28, 58),
(2069, 86, 2, 6, 29, 58),
(2070, 53, 3, 5, 29, 58),
(2071, 107, 4, 5, 29, 58),
(2072, 72, 1, 3, 1, 13),
(2073, 71, 1, 3, 2, 15),
(2074, 71, 1, 3, 3, 15),
(2075, 72, 1, 3, 4, 13),
(2076, 104, 3, 3, 5, 52),
(2077, 104, 3, 3, 6, 52),
(2078, 104, 3, 3, 7, 52),
(2079, 104, 3, 3, 8, 52),
(2080, 7, 1, 3, 1, 47),
(2081, 65, 1, 3, 2, 22),
(2082, 65, 1, 3, 3, 22),
(2083, 7, 1, 3, 4, 47),
(2084, 65, 3, 3, 5, 21),
(2085, 65, 3, 3, 6, 21),
(2086, 107, 3, 3, 7, 20),
(2087, 107, 3, 3, 8, 20),
(2088, 42, 2, 6, 32, 45),
(2089, 84, 5, 2, 33, 37),
(2090, 84, 5, 2, 34, 37),
(2091, 42, 2, 3, 35, 12),
(2092, 42, 2, 6, 36, 45),
(2093, 84, 1, 7, 37, 54),
(2094, 42, 4, 3, 38, 53),
(2095, 84, 1, 7, 39, 54),
(2096, 42, 1, 7, 40, 11),
(2097, 42, 2, 5, 1, 13),
(2098, 84, 2, 5, 2, 15),
(2099, 84, 2, 5, 3, 15),
(2100, 42, 1, 6, 4, 16),
(2101, 42, 1, 6, 5, 16),
(2102, 42, 2, 2, 6, 18),
(2103, 84, 2, 6, 7, 20),
(2104, 84, 2, 6, 8, 20),
(2105, 42, 1, 3, 9, 33),
(2106, 84, 2, 7, 10, 56),
(2107, 84, 1, 3, 11, 32),
(2108, 84, 1, 3, 12, 32),
(2109, 42, 2, 1, 13, 35),
(2110, 84, 2, 1, 15, 4),
(2111, 42, 1, 2, 16, 26),
(2112, 42, 3, 3, 17, 22),
(2113, 42, 5, 7, 18, 23),
(2114, 42, 3, 1, 20, 24),
(2115, 42, 3, 3, 21, 22),
(2116, 42, 1, 2, 22, 26),
(2117, 84, 5, 7, 23, 27),
(2118, 84, 5, 5, 24, 29),
(2119, 42, 5, 5, 25, 52),
(2120, 42, 1, 5, 26, 30),
(2122, 42, 5, 6, 28, 56),
(2123, 84, 5, 6, 29, 58),
(2124, 83, 1, 2, 16, 58),
(2125, 83, 1, 2, 22, 58),
(2126, 83, 1, 7, 37, 51),
(2127, 83, 1, 6, 4, 30),
(2128, 83, 1, 3, 12, 65),
(2129, 83, 1, 3, 14, 65),
(2130, 83, 1, 5, 26, 13),
(2132, 105, 1, 1, 43, 7),
(2133, 105, 2, 1, 43, 47),
(2134, 105, 2, 2, 43, 7),
(2135, 105, 3, 1, 43, 7),
(2136, 105, 3, 2, 43, 7),
(2137, 92, 1, 5, 46, 8),
(2138, 92, 1, 6, 46, 8),
(2139, 92, 2, 2, 46, 8),
(2140, 92, 5, 1, 46, 8),
(2141, 92, 5, 2, 46, 8),
(2142, 64, 1, 7, 46, 8),
(2143, 64, 2, 6, 46, 8),
(2144, 64, 2, 7, 46, 8),
(2145, 64, 3, 1, 46, 8),
(2146, 64, 3, 2, 46, 8),
(2147, 64, 4, 1, 46, 8),
(2148, 64, 4, 2, 46, 8),
(2149, 59, 1, 6, 49, 44),
(2150, 59, 1, 7, 49, 44),
(2151, 59, 3, 3, 49, 44),
(2152, 59, 3, 5, 49, 44),
(2153, 59, 5, 3, 49, 48),
(2154, 59, 5, 5, 49, 44),
(2155, 17, 2, 17, 65, 44),
(2156, 17, 2, 19, 65, 44),
(2157, 17, 3, 10, 65, 44),
(2158, 17, 3, 12, 65, 44),
(2159, 17, 5, 17, 65, 44),
(2160, 17, 5, 19, 65, 44),
(2161, 80, 1, 6, 48, 10),
(2162, 80, 1, 7, 48, 10),
(2163, 80, 2, 3, 48, 10),
(2164, 80, 2, 5, 48, 10),
(2165, 80, 5, 1, 48, 10),
(2166, 80, 5, 2, 48, 10),
(2167, 105, 1, 2, 46, 8),
(2168, 105, 1, 3, 46, 8),
(2169, 105, 3, 3, 46, 8),
(2170, 105, 3, 5, 46, 8),
(2171, 105, 4, 3, 46, 8),
(2172, 105, 4, 5, 46, 8);
INSERT INTO `horario_lectivo` (`id_horario`, `usuario`, `dia`, `hora`, `grupo`, `aula`) VALUES
(2173, 105, 5, 5, 46, 8),
(2174, 50, 1, 6, 13, 67),
(2175, 50, 3, 6, 13, 67),
(2176, 50, 1, 6, 14, 67),
(2177, 50, 3, 6, 14, 67),
(2178, 50, 1, 6, 15, 67),
(2179, 50, 3, 6, 15, 67),
(2180, 53, 2, 5, 16, 67),
(2181, 53, 5, 5, 16, 67),
(2182, 53, 2, 5, 17, 67),
(2183, 53, 5, 5, 17, 67),
(2184, 53, 2, 5, 18, 67),
(2185, 53, 5, 5, 18, 67),
(2186, 53, 2, 5, 20, 67),
(2187, 53, 5, 5, 20, 67),
(2188, 53, 2, 5, 21, 67),
(2189, 53, 5, 5, 21, 67),
(2190, 53, 2, 5, 22, 67),
(2191, 53, 5, 5, 22, 67),
(2192, 53, 2, 5, 23, 67),
(2193, 53, 5, 5, 23, 67),
(2194, 19, 1, 5, 30, 9),
(2195, 19, 1, 6, 30, 9),
(2196, 19, 2, 2, 30, 9),
(2197, 19, 2, 3, 30, 9),
(2198, 19, 3, 2, 30, 9),
(2199, 19, 4, 3, 30, 9),
(2200, 19, 5, 2, 30, 9),
(2201, 80, 3, 13, 58, 42),
(2202, 9, 2, 1, 41, 39),
(2203, 9, 5, 1, 41, 40),
(2204, 9, 5, 2, 41, 40),
(2205, 17, 1, 17, 63, 41),
(2206, 17, 1, 19, 63, 41),
(2207, 17, 5, 15, 63, 41),
(2208, 81, 1, 2, 37, 46),
(2209, 81, 2, 3, 37, 46),
(2210, 81, 3, 2, 37, 46),
(2211, 81, 4, 1, 37, 46),
(2212, 44, 3, 6, 24, 65),
(2213, 44, 4, 2, 24, 65),
(2214, 44, 5, 6, 24, 65),
(2215, 44, 3, 6, 25, 65),
(2217, 44, 5, 6, 25, 65),
(2218, 92, 3, 6, 26, 62),
(2219, 92, 4, 2, 26, 62),
(2220, 92, 5, 6, 26, 62),
(2224, 92, 2, 6, 28, 62),
(2225, 92, 3, 5, 28, 62),
(2226, 92, 4, 5, 28, 62),
(2227, 92, 2, 6, 29, 62),
(2228, 92, 3, 5, 29, 62),
(2229, 92, 4, 5, 29, 62),
(2230, 80, 3, 16, 55, 42),
(2231, 80, 3, 18, 55, 42),
(2232, 44, 3, 7, 32, 65),
(2233, 115, 3, 7, 32, 62),
(2234, 44, 5, 2, 32, 65),
(2235, 115, 5, 2, 32, 62),
(2236, 44, 2, 5, 33, 65),
(2237, 115, 2, 5, 33, 62),
(2238, 44, 5, 7, 33, 65),
(2239, 115, 5, 7, 33, 62),
(2240, 80, 2, 7, 34, 62),
(2241, 44, 2, 7, 34, 65),
(2242, 80, 4, 6, 34, 62),
(2243, 44, 4, 6, 34, 65),
(2244, 80, 2, 2, 35, 62),
(2245, 44, 2, 2, 35, 65),
(2246, 80, 4, 7, 35, 62),
(2247, 44, 4, 7, 35, 65),
(2248, 92, 1, 2, 37, 42),
(2249, 92, 2, 3, 37, 42),
(2250, 92, 3, 2, 37, 42),
(2251, 92, 4, 1, 37, 42),
(2252, 92, 1, 2, 38, 42),
(2253, 92, 2, 3, 38, 42),
(2254, 92, 3, 2, 38, 42),
(2255, 92, 4, 1, 38, 42),
(2256, 92, 1, 2, 39, 42),
(2257, 92, 2, 3, 39, 42),
(2258, 92, 3, 2, 39, 42),
(2259, 92, 4, 1, 39, 42),
(2260, 92, 1, 2, 40, 42),
(2261, 92, 2, 3, 40, 42),
(2262, 92, 3, 2, 40, 42),
(2263, 92, 4, 1, 40, 42),
(2264, 93, 1, 5, 13, 43),
(2265, 93, 2, 6, 13, 43),
(2266, 93, 5, 2, 13, 43),
(2267, 93, 1, 5, 14, 43),
(2268, 93, 2, 6, 14, 43),
(2269, 93, 5, 2, 14, 43),
(2270, 93, 1, 1, 9, 63),
(2271, 93, 2, 1, 9, 63),
(2272, 93, 4, 6, 9, 63),
(2273, 93, 1, 6, 10, 63),
(2274, 93, 3, 2, 10, 63),
(2275, 93, 4, 3, 10, 56),
(2276, 93, 2, 5, 11, 63),
(2277, 93, 4, 2, 11, 63),
(2278, 93, 5, 1, 11, 63),
(2279, 109, 1, 7, 12, 57),
(2280, 109, 3, 7, 12, 57),
(2281, 109, 5, 7, 12, 63),
(2282, 109, 1, 5, 13, 35),
(2283, 109, 2, 6, 13, 35),
(2284, 109, 5, 2, 13, 63),
(2285, 55, 1, 5, 14, 63),
(2286, 55, 2, 6, 14, 34),
(2287, 55, 5, 2, 14, 34),
(2288, 93, 1, 2, 15, 63),
(2289, 93, 2, 2, 15, 63),
(2290, 93, 5, 5, 15, 63),
(2291, 55, 2, 3, 16, 65),
(2292, 55, 4, 5, 16, 21),
(2293, 55, 5, 6, 16, 63),
(2294, 109, 2, 3, 17, 43),
(2295, 109, 4, 5, 17, 65),
(2296, 109, 5, 6, 17, 22),
(2297, 109, 2, 7, 18, 63),
(2298, 109, 3, 3, 18, 65),
(2299, 109, 4, 7, 18, 23),
(2300, 55, 1, 2, 20, 65),
(2301, 55, 3, 3, 20, 63),
(2302, 55, 4, 3, 20, 24),
(2303, 49, 1, 1, 21, 65),
(2304, 49, 3, 1, 21, 63),
(2305, 49, 5, 7, 21, 25),
(2306, 49, 2, 1, 22, 26),
(2307, 49, 4, 3, 22, 63),
(2308, 49, 5, 1, 22, 65),
(2309, 49, 2, 2, 23, 27),
(2310, 49, 4, 7, 23, 63),
(2311, 49, 5, 3, 23, 65),
(2312, 93, 2, 3, 16, 61),
(2313, 93, 4, 5, 16, 61),
(2314, 93, 5, 6, 16, 61),
(2315, 93, 2, 3, 17, 61),
(2316, 93, 4, 5, 17, 61),
(2317, 93, 5, 6, 17, 61),
(2318, 55, 1, 3, 29, 63),
(2319, 55, 3, 2, 29, 58),
(2320, 55, 5, 5, 29, 58),
(2321, 55, 3, 1, 5, 18),
(2322, 55, 5, 3, 5, 63),
(2323, 55, 3, 1, 6, 18),
(2324, 55, 5, 3, 6, 63),
(2325, 113, 3, 6, 35, 63),
(2326, 113, 5, 6, 35, 21),
(2327, 49, 1, 2, 40, 51),
(2328, 49, 2, 3, 40, 51),
(2329, 49, 3, 2, 40, 51),
(2330, 49, 4, 1, 40, 51),
(2331, 111, 1, 3, 30, 9),
(2332, 111, 2, 6, 30, 9),
(2333, 111, 3, 5, 30, 9),
(2334, 111, 3, 6, 30, 9),
(2335, 111, 4, 1, 30, 9),
(2336, 111, 5, 3, 30, 9),
(2337, 111, 5, 5, 30, 9),
(2338, 98, 1, 1, 44, 41),
(2339, 98, 1, 2, 44, 41),
(2340, 98, 2, 5, 44, 41),
(2341, 98, 2, 6, 44, 41),
(2342, 98, 3, 5, 44, 41),
(2343, 98, 5, 1, 44, 41),
(2344, 20, 1, 6, 41, 40),
(2345, 20, 1, 7, 41, 40),
(2346, 20, 2, 5, 41, 40),
(2347, 20, 2, 6, 41, 40),
(2348, 20, 3, 6, 41, 40),
(2349, 20, 3, 7, 41, 40),
(2350, 20, 4, 5, 41, 40),
(2351, 62, 1, 12, 63, 41),
(2352, 62, 1, 15, 63, 41),
(2353, 62, 3, 8, 63, 41),
(2354, 62, 4, 8, 63, 41),
(2355, 62, 4, 10, 63, 41),
(2356, 62, 5, 8, 63, 41),
(2357, 62, 5, 10, 63, 41),
(2358, 7, 4, 7, 1, 13),
(2359, 106, 3, 3, 2, 14),
(2360, 66, 4, 5, 3, 15),
(2361, 13, 4, 7, 4, 16),
(2362, 53, 1, 1, 5, 17),
(2363, 46, 5, 5, 6, 18),
(2364, 100, 1, 3, 7, 19),
(2365, 39, 2, 2, 8, 20),
(2366, 75, 2, 7, 9, 33),
(2367, 71, 3, 1, 10, 56),
(2368, 110, 3, 7, 11, 32),
(2369, 3, 3, 3, 12, 57),
(2370, 29, 4, 6, 13, 35),
(2371, 10, 4, 6, 14, 34),
(2372, 45, 4, 2, 15, 4),
(2373, 20, 5, 7, 31, 6),
(2374, 5, 1, 3, 16, 21),
(2375, 36, 1, 2, 17, 22),
(2376, 21, 1, 6, 18, 23),
(2377, 104, 4, 1, 20, 24),
(2378, 94, 4, 5, 21, 25),
(2379, 95, 3, 2, 22, 26),
(2380, 26, 3, 1, 23, 27),
(2381, 70, 5, 1, 16, 28),
(2382, 70, 5, 1, 17, 28),
(2383, 119, 4, 7, 24, 29),
(2384, 99, 1, 5, 25, 52),
(2385, 40, 5, 1, 26, 30),
(2387, 16, 5, 3, 28, 5),
(2388, 102, 1, 6, 29, 58),
(2389, 19, 4, 7, 30, 9),
(2390, 56, 2, 7, 13, 60),
(2391, 56, 2, 7, 14, 60),
(2392, 20, 4, 2, 31, 6),
(2393, 108, 2, 5, 1, 16),
(2394, 88, 2, 5, 2, 14),
(2395, 108, 2, 5, 3, 16),
(2396, 119, 1, 6, 4, 17),
(2397, 119, 1, 6, 5, 17),
(2398, 54, 2, 2, 6, 33),
(2399, 95, 2, 6, 7, 19),
(2400, 88, 2, 6, 8, 18),
(2401, 75, 1, 3, 9, 58),
(2402, 75, 1, 3, 11, 58),
(2403, 30, 1, 3, 12, 57),
(2404, 75, 2, 1, 13, 34),
(2405, 88, 1, 3, 14, 34),
(2406, 117, 1, 3, 14, 62),
(2407, 75, 2, 1, 15, 34),
(2408, 30, 1, 2, 16, 21),
(2409, 31, 3, 3, 17, 25),
(2410, 30, 5, 7, 18, 57),
(2411, 31, 3, 3, 21, 25),
(2412, 30, 1, 2, 22, 21),
(2413, 30, 5, 7, 23, 57),
(2414, 67, 5, 5, 24, 16),
(2415, 67, 5, 5, 25, 16),
(2416, 67, 1, 5, 26, 14),
(2418, 67, 5, 6, 28, 15),
(2419, 67, 5, 6, 29, 15),
(2420, 29, 3, 1, 36, 38),
(2421, 29, 3, 2, 36, 38),
(2504, 22, 4, 7, 51, 64),
(2505, 124, 3, 4, 71, 64),
(2529, 13, 1, 5, 2, 14),
(2537, 44, 4, 2, 25, 65),
(2539, 44, 5, 6, 27, 65),
(2542, 44, 4, 2, 27, 65),
(2544, 44, 3, 6, 27, 65),
(2556, 44, 5, 3, 43, 47),
(2563, 22, 5, 5, 59, 48),
(2564, 78, 5, 5, 50, 47),
(2566, 22, 3, 6, 51, 64),
(2568, 22, 5, 3, 44, 44),
(2579, 3, 1, 1, 1, 4),
(2584, 4, 1, 1, 48, 47),
(2597, 1, 1, 1, 1, 49),
(2601, 22, 4, 5, 51, 64),
(2606, 1, 5, 1, 1, 7),
(2608, 1, 5, 3, 42, 7),
(2621, 1, 5, 5, 39, 64),
(2631, 8, 1, 1, 10, 9),
(2632, 1, 5, 1, 2, 1),
(2633, 13, 4, 3, 10, 1),
(2636, 13, 1, 1, 1, 1),
(2637, 13, 1, 1, 2, 1),
(2638, 13, 1, 1, 3, 1),
(2640, 3, 3, 6, 51, 64);

-- --------------------------------------------------------

--
-- Estructura de tabla para la tabla `usuarios`
--

CREATE TABLE `usuarios` (
  `id_usuario` int(11) NOT NULL,
  `nombre` varchar(50) COLLATE utf8_spanish2_ci NOT NULL,
  `usuario` varchar(20) COLLATE utf8_spanish2_ci NOT NULL,
  `clave` varchar(50) COLLATE utf8_spanish2_ci NOT NULL,
  `email` varchar(50) COLLATE utf8_spanish2_ci DEFAULT NULL,
  `tipo` enum('admin','normal') COLLATE utf8_spanish2_ci NOT NULL DEFAULT 'normal'
) ENGINE=InnoDB DEFAULT CHARSET=utf8 COLLATE=utf8_spanish2_ci;

--
-- Volcado de datos para la tabla `usuarios`
--

INSERT INTO `usuarios` (`id_usuario`, `nombre`, `usuario`, `clave`, `email`, `tipo`) VALUES
(1, 'Apellido1 Apellido2, NOMBRE1', 'profesor1', 'e10adc3949ba59abbe56e057f20f883e', NULL, 'normal'),
(2, 'Apellido1 Apellido2, NOMBRE2', 'profesor2', 'e10adc3949ba59abbe56e057f20f883e', NULL, 'normal'),
(3, 'Apellido1 Apellido2, NOMBRE3', 'profesor3', 'e10adc3949ba59abbe56e057f20f883e', NULL, 'normal'),
(4, 'Apellido1 Apellido2, NOMBRE4', 'profesor4', 'e10adc3949ba59abbe56e057f20f883e', NULL, 'normal'),
(5, 'Apellido1 Apellido2, NOMBRE5', 'profesor5', 'e10adc3949ba59abbe56e057f20f883e', NULL, 'normal'),
(6, 'Apellido1 Apellido2, NOMBRE6', 'profesor6', 'e10adc3949ba59abbe56e057f20f883e', NULL, 'normal'),
(7, 'Apellido1 Apellido2, NOMBRE7', 'profesor7', 'e10adc3949ba59abbe56e057f20f883e', NULL, 'normal'),
(8, 'Apellido1 Apellido2, NOMBRE8', 'profesor8', 'e10adc3949ba59abbe56e057f20f883e', NULL, 'normal'),
(9, 'Apellido1 Apellido2, NOMBRE9', 'profesor9', 'e10adc3949ba59abbe56e057f20f883e', NULL, 'normal'),
(10, 'Apellido1 Apellido2, NOMBRE10', 'profesor10', 'e10adc3949ba59abbe56e057f20f883e', NULL, 'normal'),
(11, 'Apellido1 Apellido2, NOMBRE11', 'profesor11', 'e10adc3949ba59abbe56e057f20f883e', NULL, 'normal'),
(12, 'Apellido1 Apellido2, NOMBRE12', 'profesor12', 'e10adc3949ba59abbe56e057f20f883e', NULL, 'normal'),
(13, 'Apellido1 Apellido2, NOMBRE13', 'profesor13', 'e10adc3949ba59abbe56e057f20f883e', NULL, 'normal'),
(14, 'Apellido1 Apellido2, NOMBRE14', 'profesor14', 'e10adc3949ba59abbe56e057f20f883e', NULL, 'normal'),
(15, 'Apellido1 Apellido2, NOMBRE15', 'profesor15', 'e10adc3949ba59abbe56e057f20f883e', NULL, 'normal'),
(16, 'Apellido1 Apellido2, NOMBRE16', 'profesor16', 'e10adc3949ba59abbe56e057f20f883e', NULL, 'normal'),
(17, 'Apellido1 Apellido2, NOMBRE17', 'profesor17', 'e10adc3949ba59abbe56e057f20f883e', NULL, 'normal'),
(18, 'Apellido1 Apellido2, NOMBRE18', 'profesor18', 'e10adc3949ba59abbe56e057f20f883e', NULL, 'normal'),
(19, 'Apellido1 Apellido2, NOMBRE19', 'profesor19', 'e10adc3949ba59abbe56e057f20f883e', NULL, 'normal'),
(20, 'Apellido1 Apellido2, NOMBRE20', 'profesor20', 'e10adc3949ba59abbe56e057f20f883e', NULL, 'normal'),
(21, 'Apellido1 Apellido2, NOMBRE21', 'profesor21', 'e10adc3949ba59abbe56e057f20f883e', NULL, 'normal'),
(22, 'Apellido1 Apellido2, NOMBRE22', 'profesor22', 'e10adc3949ba59abbe56e057f20f883e', NULL, 'normal'),
(23, 'Apellido1 Apellido2, NOMBRE23', 'profesor23', 'e10adc3949ba59abbe56e057f20f883e', NULL, 'normal'),
(24, 'Apellido1 Apellido2, NOMBRE24', 'profesor24', 'e10adc3949ba59abbe56e057f20f883e', NULL, 'normal'),
(25, 'Apellido1 Apellido2, NOMBRE25', 'profesor25', 'e10adc3949ba59abbe56e057f20f883e', NULL, 'normal'),
(26, 'Apellido1 Apellido2, NOMBRE26', 'profesor26', 'e10adc3949ba59abbe56e057f20f883e', NULL, 'normal'),
(27, 'Apellido1 Apellido2, NOMBRE27', 'profesor27', 'e10adc3949ba59abbe56e057f20f883e', NULL, 'normal'),
(28, 'Apellido1 Apellido2, NOMBRE28', 'profesor28', 'e10adc3949ba59abbe56e057f20f883e', NULL, 'normal'),
(29, 'Apellido1 Apellido2, NOMBRE29', 'profesor29', 'e10adc3949ba59abbe56e057f20f883e', NULL, 'normal'),
(30, 'Apellido1 Apellido2, NOMBRE30', 'profesor30', 'e10adc3949ba59abbe56e057f20f883e', NULL, 'normal'),
(31, 'Apellido1 Apellido2, NOMBRE31', 'profesor31', 'e10adc3949ba59abbe56e057f20f883e', NULL, 'normal'),
(32, 'Apellido1 Apellido2, NOMBRE32', 'profesor32', 'e10adc3949ba59abbe56e057f20f883e', NULL, 'normal'),
(33, 'Apellido1 Apellido2, NOMBRE33', 'profesor33', 'e10adc3949ba59abbe56e057f20f883e', NULL, 'normal'),
(34, 'Apellido1 Apellido2, NOMBRE34', 'profesor34', 'e10adc3949ba59abbe56e057f20f883e', NULL, 'normal'),
(35, 'Apellido1 Apellido2, NOMBRE35', 'profesor35', 'e10adc3949ba59abbe56e057f20f883e', NULL, 'normal'),
(36, 'Apellido1 Apellido2, NOMBRE36', 'profesor36', 'e10adc3949ba59abbe56e057f20f883e', NULL, 'normal'),
(37, 'Apellido1 Apellido2, NOMBRE37', 'profesor37', 'e10adc3949ba59abbe56e057f20f883e', NULL, 'normal'),
(38, 'Apellido1 Apellido2, NOMBRE38', 'profesor38', 'e10adc3949ba59abbe56e057f20f883e', NULL, 'normal'),
(39, 'Apellido1 Apellido2, NOMBRE39', 'profesor39', 'e10adc3949ba59abbe56e057f20f883e', NULL, 'normal'),
(40, 'Apellido1 Apellido2, NOMBRE40', 'profesor40', 'e10adc3949ba59abbe56e057f20f883e', NULL, 'normal'),
(41, 'Apellido1 Apellido2, NOMBRE41', 'profesor41', 'e10adc3949ba59abbe56e057f20f883e', NULL, 'normal'),
(42, 'Apellido1 Apellido2, NOMBRE42', 'profesor42', 'e10adc3949ba59abbe56e057f20f883e', NULL, 'normal'),
(43, 'Apellido1 Apellido2, NOMBRE43', 'profesor43', 'e10adc3949ba59abbe56e057f20f883e', NULL, 'normal'),
(44, 'Apellido1 Apellido2, NOMBRE44', 'profesor44', 'e10adc3949ba59abbe56e057f20f883e', NULL, 'normal'),
(45, 'Apellido1 Apellido2, NOMBRE45', 'profesor45', 'e10adc3949ba59abbe56e057f20f883e', NULL, 'normal'),
(46, 'Apellido1 Apellido2, NOMBRE46', 'profesor46', 'e10adc3949ba59abbe56e057f20f883e', NULL, 'normal'),
(47, 'Apellido1 Apellido2, NOMBRE47', 'profesor47', 'e10adc3949ba59abbe56e057f20f883e', NULL, 'normal'),
(48, 'Apellido1 Apellido2, NOMBRE48', 'profesor48', 'e10adc3949ba59abbe56e057f20f883e', NULL, 'normal'),
(49, 'Apellido1 Apellido2, NOMBRE49', 'profesor49', 'e10adc3949ba59abbe56e057f20f883e', NULL, 'normal'),
(50, 'Apellido1 Apellido2, NOMBRE50', 'profesor50', 'e10adc3949ba59abbe56e057f20f883e', NULL, 'normal'),
(51, 'Apellido1 Apellido2, NOMBRE51', 'profesor51', 'e10adc3949ba59abbe56e057f20f883e', NULL, 'normal'),
(52, 'Apellido1 Apellido2, NOMBRE52', 'profesor52', 'e10adc3949ba59abbe56e057f20f883e', NULL, 'normal'),
(53, 'Apellido1 Apellido2, NOMBRE53', 'profesor53', 'e10adc3949ba59abbe56e057f20f883e', NULL, 'normal'),
(54, 'Apellido1 Apellido2, NOMBRE54', 'profesor54', 'e10adc3949ba59abbe56e057f20f883e', NULL, 'normal'),
(55, 'Apellido1 Apellido2, NOMBRE55', 'profesor55', 'e10adc3949ba59abbe56e057f20f883e', NULL, 'normal'),
(56, 'Apellido1 Apellido2, NOMBRE56', 'profesor56', 'e10adc3949ba59abbe56e057f20f883e', NULL, 'normal'),
(57, 'Apellido1 Apellido2, NOMBRE57', 'profesor57', 'e10adc3949ba59abbe56e057f20f883e', NULL, 'normal'),
(58, 'Apellido1 Apellido2, NOMBRE58', 'profesor58', 'e10adc3949ba59abbe56e057f20f883e', NULL, 'normal'),
(59, 'Apellido1 Apellido2, NOMBRE59', 'profesor59', 'e10adc3949ba59abbe56e057f20f883e', NULL, 'normal'),
(60, 'Apellido1 Apellido2, NOMBRE60', 'profesor60', 'e10adc3949ba59abbe56e057f20f883e', NULL, 'normal'),
(61, 'Apellido1 Apellido2, NOMBRE61', 'profesor61', 'e10adc3949ba59abbe56e057f20f883e', NULL, 'normal'),
(62, 'Apellido1 Apellido2, NOMBRE62', 'profesor62', 'e10adc3949ba59abbe56e057f20f883e', NULL, 'normal'),
(63, 'Apellido1 Apellido2, NOMBRE63', 'profesor63', 'e10adc3949ba59abbe56e057f20f883e', NULL, 'normal'),
(64, 'Apellido1 Apellido2, NOMBRE64', 'profesor64', 'e10adc3949ba59abbe56e057f20f883e', NULL, 'normal'),
(65, 'Apellido1 Apellido2, NOMBRE65', 'profesor65', 'e10adc3949ba59abbe56e057f20f883e', NULL, 'normal'),
(66, 'Apellido1 Apellido2, NOMBRE66', 'profesor66', 'e10adc3949ba59abbe56e057f20f883e', NULL, 'normal'),
(67, 'Apellido1 Apellido2, NOMBRE67', 'profesor67', 'e10adc3949ba59abbe56e057f20f883e', NULL, 'normal'),
(68, 'Apellido1 Apellido2, NOMBRE68', 'profesor68', 'e10adc3949ba59abbe56e057f20f883e', NULL, 'normal'),
(69, 'Apellido1 Apellido2, NOMBRE69', 'profesor69', 'e10adc3949ba59abbe56e057f20f883e', NULL, 'normal'),
(70, 'Apellido1 Apellido2, NOMBRE70', 'profesor70', 'e10adc3949ba59abbe56e057f20f883e', NULL, 'normal'),
(71, 'Apellido1 Apellido2, NOMBRE71', 'profesor71', 'e10adc3949ba59abbe56e057f20f883e', NULL, 'normal'),
(72, 'Apellido1 Apellido2, NOMBRE72', 'profesor72', 'e10adc3949ba59abbe56e057f20f883e', NULL, 'normal'),
(73, 'Apellido1 Apellido2, NOMBRE73', 'profesor73', 'e10adc3949ba59abbe56e057f20f883e', NULL, 'normal'),
(74, 'Apellido1 Apellido2, NOMBRE74', 'profesor74', 'e10adc3949ba59abbe56e057f20f883e', NULL, 'normal'),
(75, 'Apellido1 Apellido2, NOMBRE75', 'profesor75', 'e10adc3949ba59abbe56e057f20f883e', NULL, 'normal'),
(76, 'Apellido1 Apellido2, NOMBRE76', 'profesor76', 'e10adc3949ba59abbe56e057f20f883e', NULL, 'normal'),
(77, 'Apellido1 Apellido2, NOMBRE77', 'profesor77', 'e10adc3949ba59abbe56e057f20f883e', NULL, 'normal'),
(78, 'Apellido1 Apellido2, NOMBRE78', 'profesor78', 'e10adc3949ba59abbe56e057f20f883e', NULL, 'normal'),
(79, 'Apellido1 Apellido2, NOMBRE79', 'profesor79', 'e10adc3949ba59abbe56e057f20f883e', NULL, 'normal'),
(80, 'Apellido1 Apellido2, NOMBRE80', 'profesor80', 'e10adc3949ba59abbe56e057f20f883e', NULL, 'normal'),
(81, 'Apellido1 Apellido2, NOMBRE81', 'profesor81', 'e10adc3949ba59abbe56e057f20f883e', NULL, 'normal'),
(82, 'Apellido1 Apellido2, NOMBRE82', 'profesor82', 'e10adc3949ba59abbe56e057f20f883e', NULL, 'normal'),
(83, 'Apellido1 Apellido2, NOMBRE83', 'profesor83', 'e10adc3949ba59abbe56e057f20f883e', NULL, 'normal'),
(84, 'Apellido1 Apellido2, NOMBRE84', 'profesor84', 'e10adc3949ba59abbe56e057f20f883e', NULL, 'normal'),
(85, 'Apellido1 Apellido2, NOMBRE85', 'profesor85', 'e10adc3949ba59abbe56e057f20f883e', NULL, 'normal'),
(86, 'Apellido1 Apellido2, NOMBRE86', 'profesor86', 'e10adc3949ba59abbe56e057f20f883e', NULL, 'normal'),
(87, 'Apellido1 Apellido2, NOMBRE87', 'profesor87', 'e10adc3949ba59abbe56e057f20f883e', NULL, 'normal'),
(88, 'Apellido1 Apellido2, NOMBRE88', 'profesor88', 'e10adc3949ba59abbe56e057f20f883e', NULL, 'normal'),
(89, 'Apellido1 Apellido2, NOMBRE89', 'profesor89', 'e10adc3949ba59abbe56e057f20f883e', NULL, 'normal'),
(90, 'Apellido1 Apellido2, NOMBRE90', 'profesor90', 'e10adc3949ba59abbe56e057f20f883e', NULL, 'normal'),
(91, 'Apellido1 Apellido2, NOMBRE91', 'profesor91', 'e10adc3949ba59abbe56e057f20f883e', NULL, 'normal'),
(92, 'Apellido1 Apellido2, NOMBRE92', 'profesor92', 'e10adc3949ba59abbe56e057f20f883e', NULL, 'normal'),
(93, 'Apellido1 Apellido2, NOMBRE93', 'profesor93', 'e10adc3949ba59abbe56e057f20f883e', NULL, 'normal'),
(94, 'Apellido1 Apellido2, NOMBRE94', 'profesor94', 'e10adc3949ba59abbe56e057f20f883e', NULL, 'normal'),
(95, 'Apellido1 Apellido2, NOMBRE95', 'profesor95', 'e10adc3949ba59abbe56e057f20f883e', NULL, 'normal'),
(96, 'Apellido1 Apellido2, NOMBRE96', 'profesor96', 'e10adc3949ba59abbe56e057f20f883e', NULL, 'normal'),
(97, 'Apellido1 Apellido2, NOMBRE97', 'profesor97', 'e10adc3949ba59abbe56e057f20f883e', NULL, 'normal'),
(98, 'Apellido1 Apellido2, NOMBRE98', 'profesor98', 'e10adc3949ba59abbe56e057f20f883e', NULL, 'normal'),
(99, 'Apellido1 Apellido2, NOMBRE99', 'profesor99', 'e10adc3949ba59abbe56e057f20f883e', NULL, 'normal'),
(100, 'Apellido1 Apellido2, NOMBRE100', 'profesor100', 'e10adc3949ba59abbe56e057f20f883e', NULL, 'normal'),
(101, 'Apellido1 Apellido2, NOMBRE101', 'profesor101', 'e10adc3949ba59abbe56e057f20f883e', NULL, 'normal'),
(102, 'Apellido1 Apellido2, NOMBRE102', 'profesor102', 'e10adc3949ba59abbe56e057f20f883e', NULL, 'normal'),
(103, 'Apellido1 Apellido2, NOMBRE103', 'profesor103', 'e10adc3949ba59abbe56e057f20f883e', NULL, 'normal'),
(104, 'Apellido1 Apellido2, NOMBRE104', 'profesor104', 'e10adc3949ba59abbe56e057f20f883e', NULL, 'normal'),
(105, 'Apellido1 Apellido2, NOMBRE105', 'profesor105', 'e10adc3949ba59abbe56e057f20f883e', NULL, 'normal'),
(106, 'Apellido1 Apellido2, NOMBRE106', 'profesor106', 'e10adc3949ba59abbe56e057f20f883e', NULL, 'normal'),
(107, 'Apellido1 Apellido2, NOMBRE107', 'profesor107', 'e10adc3949ba59abbe56e057f20f883e', NULL, 'normal'),
(108, 'Apellido1 Apellido2, NOMBRE108', 'profesor108', 'e10adc3949ba59abbe56e057f20f883e', NULL, 'normal'),
(109, 'Apellido1 Apellido2, NOMBRE109', 'profesor109', 'e10adc3949ba59abbe56e057f20f883e', NULL, 'normal'),
(110, 'Apellido1 Apellido2, NOMBRE110', 'profesor110', 'e10adc3949ba59abbe56e057f20f883e', NULL, 'normal'),
(111, 'Apellido1 Apellido2, NOMBRE111', 'profesor111', 'e10adc3949ba59abbe56e057f20f883e', NULL, 'normal'),
(112, 'Apellido1 Apellido2, NOMBRE112', 'profesor112', 'e10adc3949ba59abbe56e057f20f883e', NULL, 'normal'),
(113, 'Apellido1 Apellido2, NOMBRE113', 'profesor113', 'e10adc3949ba59abbe56e057f20f883e', NULL, 'normal'),
(114, 'Apellido1 Apellido2, NOMBRE114', 'profesor114', 'e10adc3949ba59abbe56e057f20f883e', NULL, 'normal'),
(115, 'Apellido1 Apellido2, NOMBRE115', 'profesor115', 'e10adc3949ba59abbe56e057f20f883e', NULL, 'normal'),
(116, 'Apellido1 Apellido2, NOMBRE116', 'profesor116', 'e10adc3949ba59abbe56e057f20f883e', NULL, 'normal'),
(117, 'Apellido1 Apellido2, NOMBRE117', 'profesor117', 'e10adc3949ba59abbe56e057f20f883e', NULL, 'normal'),
(118, 'Apellido1 Apellido2, NOMBRE118', 'profesor118', 'e10adc3949ba59abbe56e057f20f883e', NULL, 'normal'),
(119, 'Apellido1 Apellido2, NOMBRE119', 'profesor119', 'e10adc3949ba59abbe56e057f20f883e', NULL, 'normal'),
(120, 'Apellido1 Apellido2, NOMBRE120', 'profesor120', 'e10adc3949ba59abbe56e057f20f883e', NULL, 'normal'),
(121, 'Apellido1 Apellido2, NOMBRE121', 'profesor121', 'e10adc3949ba59abbe56e057f20f883e', NULL, 'normal'),
(122, 'Apellido1 Apellido2, NOMBRE122', 'profesor122', 'e10adc3949ba59abbe56e057f20f883e', NULL, 'normal'),
(123, 'Apellido1 Apellido2, NOMBRE123', 'profesor123', 'e10adc3949ba59abbe56e057f20f883e', NULL, 'normal'),
(124, 'Apellido1 Apellido2, NOMBRE124', 'profesor124', 'e10adc3949ba59abbe56e057f20f883e', NULL, 'normal'),
(126, 'Administrador', 'admin', 'e10adc3949ba59abbe56e057f20f883e', NULL, 'admin');

--
-- Índices para tablas volcadas
--

--
-- Indices de la tabla `aulas`
--
ALTER TABLE `aulas`
  ADD PRIMARY KEY (`id_aula`);

--
-- Indices de la tabla `grupos`
--
ALTER TABLE `grupos`
  ADD PRIMARY KEY (`id_grupo`);

--
-- Indices de la tabla `horario_lectivo`
--
ALTER TABLE `horario_lectivo`
  ADD PRIMARY KEY (`id_horario`),
  ADD KEY `usuario` (`usuario`),
  ADD KEY `grupo` (`grupo`),
  ADD KEY `aula` (`aula`);

--
-- Indices de la tabla `usuarios`
--
ALTER TABLE `usuarios`
  ADD PRIMARY KEY (`id_usuario`);

--
-- AUTO_INCREMENT de las tablas volcadas
--

--
-- AUTO_INCREMENT de la tabla `aulas`
--
ALTER TABLE `aulas`
  MODIFY `id_aula` int(11) NOT NULL AUTO_INCREMENT, AUTO_INCREMENT=69;

--
-- AUTO_INCREMENT de la tabla `grupos`
--
ALTER TABLE `grupos`
  MODIFY `id_grupo` int(11) NOT NULL AUTO_INCREMENT, AUTO_INCREMENT=184;

--
-- AUTO_INCREMENT de la tabla `horario_lectivo`
--
ALTER TABLE `horario_lectivo`
  MODIFY `id_horario` int(11) NOT NULL AUTO_INCREMENT, AUTO_INCREMENT=2643;

--
-- AUTO_INCREMENT de la tabla `usuarios`
--
ALTER TABLE `usuarios`
  MODIFY `id_usuario` int(11) NOT NULL AUTO_INCREMENT, AUTO_INCREMENT=127;

--
-- Restricciones para tablas volcadas
--

--
-- Filtros para la tabla `horario_lectivo`
--
ALTER TABLE `horario_lectivo`
  ADD CONSTRAINT `horario_lectivo_ibfk_1` FOREIGN KEY (`usuario`) REFERENCES `usuarios` (`id_usuario`) ON DELETE NO ACTION ON UPDATE CASCADE,
  ADD CONSTRAINT `horario_lectivo_ibfk_2` FOREIGN KEY (`grupo`) REFERENCES `grupos` (`id_grupo`) ON DELETE NO ACTION ON UPDATE CASCADE,
  ADD CONSTRAINT `horario_lectivo_ibfk_3` FOREIGN KEY (`aula`) REFERENCES `aulas` (`id_aula`) ON DELETE NO ACTION ON UPDATE CASCADE;
COMMIT;

/*!40101 SET CHARACTER_SET_CLIENT=@OLD_CHARACTER_SET_CLIENT */;
/*!40101 SET CHARACTER_SET_RESULTS=@OLD_CHARACTER_SET_RESULTS */;
/*!40101 SET COLLATION_CONNECTION=@OLD_COLLATION_CONNECTION */;
